115,225,4,Lose agency put food hit.,159,2006-08-06 05:44:28
209,225,3,Move actually remember special still.,102,1983-04-20 07:34:33
257,225,1,Rise need fear teacher play.,52,1992-01-07 04:21:47
122,137,4,Guess speak walk subject sport prepare.,128,2004-01-12 01:30:55
191,137,1,Deep man hear well guy next.,45,2015-08-03 01:34:09
278,18,1,Foreign any simply around cell edge include.,95,2010-10-05 10:33:58
242,36,3,Day every page too claim fight.,282,2000-09-07 12:35:09
218,158,4,Type soldier ten social direction.,110,2019-02-09 13:44:56
273,158,5,Dinner lose painting local church increase good international.,214,2019-11-12 12:19:40
59,158,1,Simple American sign particularly.,35,2020-08-25 02:36:21
99,158,4,Edge start change Mr unit real capital.,72,2021-09-25 23:35:42
131,87,5,Worker mind including art it.,283,2020-12-12 06:06:55
259,87,4,From information second whose born that.,258,2006-04-28 09:25:49
29,87,4,Compare throw despite why.,183,1998-02-27 12:29:13
233,87,1,Alone billion safe avoid because owner site.,97,2013-01-29 19:59:43
186,72,4,Easy lose end rich rock.,82,1989-04-18 07:41:01
196,72,2,Southern month truth prevent daughter its.,182,1992-05-23 05:40:10
199,72,1,Hundred ask food opportunity find activity something.,290,2019-08-23 01:31:15
33,141,5,Source always suddenly since best laugh partner.,179,1990-01-09 18:20:52
292,141,3,Store into stay I close month.,224,2020-12-07 06:58:39
98,141,2,Position movement right either.,65,1996-11-08 23:14:14
278,236,4,Would wish coach air.,172,1989-03-21 16:40:59
230,236,4,Fine energy figure tax bag wear PM during.,106,2006-10-30 09:20:28
294,93,2,Left stand expect add machine.,96,1994-03-13 16:37:06
224,161,4,Store language decide away.,91,1998-02-02 03:52:10
82,161,5,Those hair occur education answer Republican put.,227,2002-05-04 02:40:07
83,161,3,Civil main right stuff cover drive husband.,287,2000-07-28 17:17:05
82,270,4,Know firm one entire.,230,2017-12-05 19:00:57
96,270,3,Her subject visit.,64,2013-05-04 21:45:05
171,270,3,Account themselves nature stand water.,272,2008-05-22 22:00:35
204,270,4,Still should treatment set anyone.,72,2017-06-18 20:47:06
248,270,4,Morning official former air now hit language back.,80,2002-05-31 01:20:40
294,157,2,Today current upon each.,245,2007-07-11 23:04:09
152,88,3,Bar health inside house grow commercial partner.,275,1996-05-11 13:23:32
187,88,1,Know pattern might born ever.,229,2002-05-25 02:34:54
227,88,4,Research event painting admit toward close.,83,2007-10-10 18:49:49
265,89,3,Start serve modern task democratic.,126,1997-02-19 04:32:59
95,89,3,Important safe use.,67,2009-02-06 10:53:55
226,89,3,Charge civil soon challenge third key.,264,2013-04-02 22:25:52
247,154,1,Science color network collection.,23,2006-10-09 02:02:17
146,154,3,Political rich clearly trial accept.,120,2016-10-28 16:00:34
171,154,5,Conference fact become discuss.,271,2018-02-15 01:06:46
59,154,1,Place same interview artist peace media.,156,2021-10-06 15:08:28
99,185,3,Often its mission he natural.,100,2000-04-11 20:31:22
71,185,4,Garden involve organization.,36,2016-02-11 15:25:47
155,136,1,Adult show age relationship.,243,2001-10-22 04:53:41
21,136,2,Work north deal seem image up.,170,1997-02-26 17:15:24
91,197,3,Hospital after together medical.,111,2021-03-19 08:33:52
178,262,5,Decade art rise all room.,40,2000-12-14 07:30:34
56,262,3,Officer enter another factor west carry camera.,217,2019-08-01 23:09:31
258,262,1,Return watch television.,290,2002-01-19 05:10:41
72,262,3,Finally information central claim follow hundred book expert.,31,2022-03-17 00:14:03
215,120,2,Party energy lose short particular.,81,2007-12-01 18:12:14
193,120,3,Subject student remain trip feel.,42,2002-10-05 04:42:19
100,120,5,So most activity pressure moment.,145,1997-07-04 10:44:26
29,120,3,Study else color writer these.,119,2021-09-01 13:44:09
84,205,2,Piece above former offer great free treatment out.,207,2016-03-24 12:39:13
131,205,3,Own she left image trade yourself.,89,2006-04-29 15:38:49
258,205,1,Image thought story college product travel.,105,2021-02-09 03:50:19
260,205,5,Best recognize effort animal.,191,2010-12-15 00:19:06
83,205,5,Indicate beautiful suffer oil interview area truth.,106,2021-07-07 02:19:00
197,22,4,Just tax along smile order play.,46,1997-09-19 03:15:57
195,22,3,Smile prove popular strategy.,52,2021-02-12 21:15:52
182,22,5,Here some push every fine stage north form.,47,2015-06-25 01:06:49
138,22,5,At glass get.,229,2007-02-15 18:42:47
56,231,3,Offer perform to strategy cup.,116,2019-11-10 13:13:29
276,231,3,Field show simply possible time consider age marriage.,160,2022-02-27 13:18:26
150,231,2,Those over some natural.,226,2021-06-30 07:18:21
26,130,4,Shoulder series once table many might.,82,1999-12-31 06:50:42
163,130,2,Put knowledge authority science few again.,55,2003-12-25 23:43:15
263,130,1,Kind response heart for purpose machine arrive.,123,2003-03-15 14:03:47
144,114,2,Growth example of song just if beyond.,0,2022-04-13 02:58:36
21,114,2,Wear know food just window yourself.,23,2022-01-31 05:57:30
286,221,3,Account final daughter final somebody street executive data.,133,2018-07-01 11:37:08
122,221,5,Often first hot beautiful resource.,227,2019-07-23 05:11:55
55,221,1,Organization first try in support from.,123,2017-04-10 00:26:36
64,81,1,Image check participant hot business law.,122,2003-04-29 05:43:39
130,81,1,Edge medical quality which answer table.,204,1993-09-21 00:30:43
91,81,3,Poor provide create boy partner follow need particular.,119,1974-07-29 01:37:39
195,81,4,Hundred radio any where cover.,251,1992-11-05 14:42:35
65,81,5,Month save number shake.,197,1978-06-16 18:22:09
249,154,4,Without chance direction consider identify.,121,2014-03-20 08:16:10
231,154,4,Deep whatever country yeah situation own participant.,201,2006-01-11 08:06:01
102,243,4,Over senior thus shake arm behind.,67,2008-05-04 01:44:00
220,196,2,Road fly investment ago than energy themselves.,227,2016-06-27 09:11:18
1,196,5,Loss smile remain listen each message let.,205,2018-10-22 00:02:56
47,196,1,Soon back couple hundred across guy either bad.,203,2011-08-12 11:14:00
152,196,5,Position key discuss attention tax early less.,72,2020-07-09 09:59:47
237,202,5,International one Democrat already.,54,1994-08-30 12:56:47
240,19,1,Room contain feeling mother another.,9,2000-08-21 18:57:35
267,19,5,Put important remember medical catch.,12,2001-10-12 18:35:29
182,9,1,Hand form see.,62,2019-03-26 01:18:56
130,9,5,Attention participant wrong great mind.,137,2022-04-11 02:09:16
283,238,3,Now although include hold forget nice song.,163,2002-08-26 12:53:33
102,238,5,Service send detail return now.,194,2010-03-25 21:40:36
274,238,5,Military company however quality population spring old.,185,2016-06-28 20:52:16
59,164,5,To operation job popular capital.,263,2018-11-06 02:56:38
70,180,1,Tree sell generation imagine.,179,2018-11-28 04:38:39
122,271,5,Professional mother force travel speak wife page seat.,283,2015-07-23 02:23:39
195,271,4,Color statement down camera another official town.,192,2000-09-06 21:41:22
282,82,5,Moment wonder production help.,167,2019-09-24 00:19:02
20,66,3,All project three democratic us mission generation.,159,2009-02-21 10:45:51
192,168,1,Again account finally.,53,2017-07-27 05:04:43
88,168,5,Natural able ago receive exactly.,107,2017-11-09 18:21:35
40,15,5,Place degree probably case.,137,2018-03-20 23:44:23
48,15,1,Rich really reason.,5,2006-12-29 19:38:31
156,15,2,Tax lead point let.,57,2010-03-20 18:16:33
132,156,3,Hour development product.,113,2010-04-16 09:14:07
229,68,5,Cultural discuss pay probably thank bad.,72,1993-12-10 22:54:43
2,68,2,Leg health recognize.,86,1978-12-14 18:42:35
