0,tamaramorrison@hotmail.com,pbkdf2:sha256:260000$lLctve1xKM0OyznR$2b3251f9755f803aa3a12021e6ae7ffe4858065d31afedada917d3b0b2e6d942,Gary,Cross,449
1,martha10@hotmail.com,pbkdf2:sha256:260000$OdaxJSNuhHYF8b23$2e3d649ee2e1287f3a8102301974d66b0c8b0ade784b767baafa96ecee2fca5e,Denise,Thornton,854
2,deborah64@gmail.com,pbkdf2:sha256:260000$ZAtbdBjYp4LMcwlM$a863d6de63fcc4813adde73ee63b4d93f4fba846182c7dc63cdf5043d765dac4,Jeanne,Green,83
3,franklinjames@yahoo.com,pbkdf2:sha256:260000$c4yoFDhgHtVSgahD$b669121f6f8a2d481fb14c1b150b725139cda940c0af0d0c7aee1cd42a01d940,John,Hoffman,353
4,samanthasims@yahoo.com,pbkdf2:sha256:260000$l1LHAs6CD3iHewFZ$f3a807e0e756fe10511df565eaa0e8bef5fc670a7c38d2878f584d0b2462501c,Timothy,Parker,877
5,taguilar@hotmail.com,pbkdf2:sha256:260000$r3tHGeoyvZezf1iL$a8ce3749e5b5e14da3f1f82a4d7700e04bb344414b853787d44b1064387a7db2,Linda,Freeman,430
6,georgedavid@yahoo.com,pbkdf2:sha256:260000$7P8T77QSyyBoTtM3$4a1a5dd8fac528d48551141697a220b01ca04f9210567002ca2e48c6b9f3870f,Sandra,Brown,208
7,chad50@yahoo.com,pbkdf2:sha256:260000$UQxC89a6ruYdp195$4820a8469e462232e133bcd13419eeb4917e35bce1681f94f5a700d89909b63e,Paula,Wilkerson,532
8,jyang@hotmail.com,pbkdf2:sha256:260000$3gsYjnnnYdicFjiJ$7f5a19895609103b0ef380b4fcdf4addf833dccc83fcf3ed625ca58c20e366e6,Willie,Garcia,35
9,bramirez@gmail.com,pbkdf2:sha256:260000$TKAfjUDh7VlsSVuV$a1db502571b854e2abf072823992eb601abb56704f2121e1230e35c88889efe4,Michael,Montgomery,723
10,kellypeter@gmail.com,pbkdf2:sha256:260000$YDH6ycQu8E6TWeYb$339048f8537640758b233c69f92275dd80aa2ca693b619ed48a41fd0187a021c,Melissa,James,809
11,tarasanders@gmail.com,pbkdf2:sha256:260000$zA6ShQ1cXioum12r$f52028863e16fe17ce733fadb8037cd5eece29c75a37c534e13a80a955b108fd,Lisa,Bush,578
12,virginia18@yahoo.com,pbkdf2:sha256:260000$mbNM0YR2z21FlUCw$51b44f66d5694be566c1dee423bb8f21f66562f40710bbd6d4d329276e40110a,Bruce,Miller,696
13,jensenanthony@hotmail.com,pbkdf2:sha256:260000$FfdsJKO1GepCQThl$e082ea9e71f59584ef38a6d3abab55ce5421954257f2037bae5b7cdc396192ca,Mark,Burnett,369
14,kmalone@gmail.com,pbkdf2:sha256:260000$7ie4WOx5IuH8NMQG$a9dc2ed8074d2c2937e3a4ffa5ac075a6d2298ff3371870ed7060e4584699a9f,Courtney,Valdez,91
15,kingerin@hotmail.com,pbkdf2:sha256:260000$pnmPOiYTUCaO89wW$d909d9624c6decf4a759b670b70fab24c4c2014ec42ceb6985f4b8a81648a58f,Henry,Moss,817
16,meganbrady@gmail.com,pbkdf2:sha256:260000$vgrFpuahtpwwlFlO$4a637d8d93ab59d941683b52833859d3405b4ab7c9952652c5037511d7e44908,Amy,Fowler,308
17,kgomez@gmail.com,pbkdf2:sha256:260000$O4rObEjvcGPp0Sn5$7ff3556d8a2f6cfadec20e33ebaeafd61fea4af7ac0af6831af1c5974458028a,Tammy,Reilly,557
18,thomaspeters@hotmail.com,pbkdf2:sha256:260000$nuWgRKuIAmkt22m2$98c54b293f7cbbfd84ebf4d70efa8a24b072b4da82117d3c45f488ef513cd6e2,Robin,Harris,450
19,susan06@yahoo.com,pbkdf2:sha256:260000$95Q4iDTHHeldNJVc$28b7fb326218dc2a5e4594e264c65fb248fa75d5dd8cc4cd1b7f7bfa34d5f81b,Jared,Vaughn,200
20,william86@gmail.com,pbkdf2:sha256:260000$MyL0ouBbO6bX9Yp4$db05cbcc84c41b6a495f2aaf30f2cc11a465393bde879f46ec7d7256e5c7eac7,Lauren,Mcdaniel,597
21,michaelanderson@hotmail.com,pbkdf2:sha256:260000$kFA1XvGOikv2Yw7W$5515e9e77deb09bbe21fffc02a74169fb030dba965a55ef457f1b80cec224a70,Brian,Richardson,35
22,deleonwilliam@gmail.com,pbkdf2:sha256:260000$QE9yUjL1YbdxUfDa$a0a8bf598b2cb4f1658d20d453c2b867321ada520133a57ed9888f088ef184a2,Maria,Harris,917
23,joshua07@yahoo.com,pbkdf2:sha256:260000$RlLo9ck7BcOycSNd$c9a7cbc48ab9f5a82d301841e8020d43c5d1da0b499dcc792a6dc77c3927222c,Heather,Davis,340
24,leonardsutton@gmail.com,pbkdf2:sha256:260000$a32ajzlfebgc6j03$0ae2ed5421815bf0c2af0abb0fa82ad5e4706e5b269dc8af325dc67425450281,Patrick,Spears,153
25,hromero@hotmail.com,pbkdf2:sha256:260000$wKDbfiTrwM7Jy4Jo$6be30174f87e122fe764a8170daaaa084195fe156484f46ddb4316b0d22914c1,Debra,Aguilar,673
26,angela30@gmail.com,pbkdf2:sha256:260000$EvvoHaxW9husyCoA$3f698c53312de0daa0189de1aa3fb14e0e184699b996904e954a0febefa5b150,Cody,Crawford,694
27,ygraham@hotmail.com,pbkdf2:sha256:260000$2ZN12AwlTEX6ONyv$d0cf0b27ce9fbc0e1abbd4785dba6f1ebf457f2462921cb50369ed01d0bea44d,Cynthia,Faulkner,765
28,millerlori@yahoo.com,pbkdf2:sha256:260000$0hoBZbGfmRc2jbig$ca65d9d6745a8f62b9b5aac810c1a49306c69ccae74e5b7300de937765bce2ae,Kelly,Casey,35
29,pmartinez@yahoo.com,pbkdf2:sha256:260000$rGC0yBDRvQnZwCPS$34a51e43e9888adddd6400127173b7880f1e169328ee10c003740c43f02ea446,Thomas,Patel,437
30,stafforderic@gmail.com,pbkdf2:sha256:260000$YP8jDD1msU4mBRMn$892026f8e1e3406dc3af4e7ebf16e0550e3ecfeca7599c54ceada0a60a6e37cc,Johnny,Martinez,442
31,smithsabrina@gmail.com,pbkdf2:sha256:260000$pxbyg6jEjAcQc5LK$f5a7084424b469ccf5074e8ab1aa186fbfe553c2eaf4e55d0e4fc2aaa8ec9538,David,Turner,816
32,rmiranda@hotmail.com,pbkdf2:sha256:260000$tHGUofawYeY5h5hW$c49fde5af712c635998ee0907959e1c440550e2a956bebbed5e1d3e301c555d0,Evelyn,Hendricks,656
33,millersamuel@yahoo.com,pbkdf2:sha256:260000$ZYIqrMz0dx4PYMwi$3d2603f5685e1899ce9486ad55fd64d4ff13ff4f65dbbef750d66ac538353f1f,Paula,Walter,113
34,cherylstewart@yahoo.com,pbkdf2:sha256:260000$lOxlYD1qRXbT2rS4$56b85144bf68009b387798acfa056623017caf177f1035ec319486110829df6a,Derrick,Webb,272
35,santanajimmy@gmail.com,pbkdf2:sha256:260000$keTEKisMeGHMwcav$2b696e796d4fbdd2680619f408a7dfa03b1108831f566fd1016bb19f0ea4cff2,Patrick,Graves,288
36,stephenbeck@yahoo.com,pbkdf2:sha256:260000$l7Pqu6ky9oHS1Qry$f4d97d40e0a07e123b229524f2ff4848bb31bfa77257bae8fd07b26194782c1d,Leah,Bell,676
37,palmercassandra@hotmail.com,pbkdf2:sha256:260000$K7AYS9zzR5iAyN3j$08418a99aa33ff7220019a64ceb7e38e6c9327ba37fc464f66e5aab3a419ae6a,Dalton,Fritz,501
38,alisongreer@yahoo.com,pbkdf2:sha256:260000$sBP7QsYxIoyGMoPr$08811fe9d0d882637ee311d4e7fa4ebb1f316790674375248874e3046a4b4be1,Madeline,Stevenson,103
39,jasondavis@hotmail.com,pbkdf2:sha256:260000$NtKrfQwczbwlENsm$92ae47d582d455f7b141d2794df275f426a872669c3cfdd2e5080770326de65c,Valerie,Charles,397
40,markchan@gmail.com,pbkdf2:sha256:260000$OQQ1XkbFNob0z5q1$7d17c63b4ed34de920b47ee8db838abf8e40538b5781e3d102e4f24e13fccc49,James,Scott,161
41,castroallen@gmail.com,pbkdf2:sha256:260000$EpxPgSmepdt7CPLq$1e5f7b3a45a4a917aeee01329a1e3f3d32e7606277f3cc1e1aa9eabcb97c4a21,Jennifer,Garcia,229
42,caleb01@yahoo.com,pbkdf2:sha256:260000$gtnGvu8ezoFhkfKF$e1771018dc53bf9c3e441505a75e86a53cd024f4133ce741e8632b20784161ff,Keith,Jones,255
43,guerrerothomas@hotmail.com,pbkdf2:sha256:260000$YVVGlJOVHAgYQFeu$535c0e3e1c11272e98ead5e84d22cd898144f00c2d25fc4d3244542b04c368a9,Lori,Moore,799
44,allison58@hotmail.com,pbkdf2:sha256:260000$V9hMlfPJPWJAgcnf$c9dd06fc0a8c4814798f08d3bc9594c4afebabc1d8c1514076edfc5e4b242bad,Ariel,Freeman,320
45,jeremy24@yahoo.com,pbkdf2:sha256:260000$LH2xGfcc3wpwvZZy$ae77956ad6b26b1bd986981223855d8183d5f5cd1d664872d9d391dea4ef1b73,Randy,Bernard,999
46,johnny46@hotmail.com,pbkdf2:sha256:260000$ENzK9CoutW2IklEc$ee835ecea57e0ae2214f2cbb331d7c2b066f4411d24dc6246cb413a6c56eb2a9,Timothy,Kerr,826
47,james07@yahoo.com,pbkdf2:sha256:260000$AiHopt3N0h8Tkx74$2bc645f1e7c1e6e26fbb14dd0841f76582a81c653a6b751a6feb3595a30c0cca,William,Crawford,196
48,marquezpaula@hotmail.com,pbkdf2:sha256:260000$VlfvPaniPkrthEzm$57f442d665bd23e4f40ffd62587684809426a12b823b6031ffe15f20f7f71fb7,Jonathan,Davis,477
49,josephmason@hotmail.com,pbkdf2:sha256:260000$cfciQC9bLaZZkAWz$5b426675c01fbd551d4c2f313d25651132304f3b945600f45ef3a0b98ab75de5,Kathryn,Noble,778
50,richard56@yahoo.com,pbkdf2:sha256:260000$J9lF1SWUW11Y4KLH$45a7b08922dd28dab40ea9fbac3e12f8c60eccb8813d3c77b094d9805bf751d9,Daniel,Cortez,627
51,fosterbryan@yahoo.com,pbkdf2:sha256:260000$DhgGYldOUHZq9JKJ$b8c5a26d466d2e623659551a60dddc1cb76fad08052b7e7824c19893722350e7,Kenneth,Boyd,772
52,anthonyvincent@yahoo.com,pbkdf2:sha256:260000$1PYiKijpZGZbFasw$869d94126a99ea5888f2cc61cccd1d2e4d6f95e691fc3c50a9f1243eb298cc2a,Renee,Moore,330
53,sawyersamuel@yahoo.com,pbkdf2:sha256:260000$3Gg2PzWKzu2CbZOm$caebc4a5748aceadb94fac60af5a87fc4850e17ef4c3b282065f070062bb6289,Alyssa,Farley,156
54,gstone@yahoo.com,pbkdf2:sha256:260000$1WC9rK4invPe6sSq$322685444b27cceb85a7106b888b957bb089ea28431807103073e0df58ca5e02,Alexis,Williams,541
55,kevinflores@gmail.com,pbkdf2:sha256:260000$ShU6KZhHsAynpefS$d824d4d9f1887b17e9cdd66393f472efae489ff5fdb057c506bfe24d82f7446f,Jasmine,Castro,567
56,gordon43@hotmail.com,pbkdf2:sha256:260000$wITCuTqzHazS1CXa$b00da98edf12f8fbec2db0ca6fedd9f9bbb75ae69edc91e9caf5304d59330778,Joseph,Williams,700
57,kennethwashington@gmail.com,pbkdf2:sha256:260000$se1Rsho2x8wBYFrK$712c0ead291bdb272b94e69f60fb5d67b6c43e8fe968a968a619d43da18fa59c,Jennifer,Marsh,153
58,hamiltonchristopher@gmail.com,pbkdf2:sha256:260000$4QjIa2hgO19Gemw1$751133114022e9cf26a2942142f111e76ea265f7bae10f5ef6c138f41b1c1dbe,Anne,Michael,342
59,nsmith@hotmail.com,pbkdf2:sha256:260000$biekGGjtfTnOSevr$4bc753f4e623a0fa2e7876e225ca9f30576dd365d0b1d8655ea433947a2d8c70,Joshua,Duke,731
60,jennaarnold@yahoo.com,pbkdf2:sha256:260000$NvfiSMjgCmUyskxV$5124d36fe92adb209e97e430663c575d35c4e83114fa7a5bb32235ac2792a370,Susan,Turner,451
61,scottzimmerman@hotmail.com,pbkdf2:sha256:260000$80ZY8eCBhMfue80J$400b639a52565c125d12f15c86929f2142b0acf7c2279ddeccbd7ff24397de23,Julie,Dominguez,909
62,bonnie89@gmail.com,pbkdf2:sha256:260000$iRJtGKlDAt6iRkMp$a51f885700f2867ddb5cce5a1065e9a2c1d0d892ff35af87a97d71ae89d7df03,Dwayne,Osborne,543
63,cindy30@gmail.com,pbkdf2:sha256:260000$XWdjPxiJHb37esTH$7197e772bdfa77d7bc00018f33274853ff7013185ed1822ffca854a1c55b61f6,Antonio,Thompson,601
64,qhenderson@gmail.com,pbkdf2:sha256:260000$ZLsuqNZ4tCHgcTd4$d4691c44bef6d864635b69be3de5f0fca2cef38a4417c4e2166ff9f47f568cf8,Yolanda,King,491
65,nancyturner@hotmail.com,pbkdf2:sha256:260000$mHvmz77RAvkk55O9$21383fa098f40751a7f2cb11b0c457086e0bc61daafff398e887223c5d6d5010,Richard,Woodward,649
66,bradley51@hotmail.com,pbkdf2:sha256:260000$o9gvRQuQHrT3ISd1$92ef13fa5fab0f252336239aebc216b90bd5c62d858d376b192cc089c61ba1aa,Jeremy,Costa,946
67,matthewpetersen@hotmail.com,pbkdf2:sha256:260000$hghiupQARkzRj8zb$271f706b53cb76b195e637d07b4cc4638998c8aacbca4ee5ce021fd0a9c0234d,Robert,Dunn,997
68,uhill@hotmail.com,pbkdf2:sha256:260000$Dhi7FbgT7Yoi5pcX$101544367b4944427ac70701860568acbbb094196384b9f158398879e3d273a7,Tonya,Andersen,151
69,lisa79@yahoo.com,pbkdf2:sha256:260000$jxhla18Z05jpSSYu$6d7bf6882c6b0dd62dd47ffde0e788b6d10c9dfac064cea3cf9e960b923e6d89,Stephen,Bernard,562
70,richardsonjerry@yahoo.com,pbkdf2:sha256:260000$DDQoV7gpzkujSJyd$a3bfc0b37d3df20d5ebd7de3b95b8586487fd19741542cfbfbe6182fd570678a,Amanda,Gonzalez,391
71,jmcmahon@gmail.com,pbkdf2:sha256:260000$il3BMCn9QyN4lbWC$544577a7bfaad9ffddfc779b7137cd0f9c0163352d8727f829bd067d935b1259,Jimmy,Walker,471
72,wrightkaylee@hotmail.com,pbkdf2:sha256:260000$aOzNzEAeDRbqzwx0$aa824e6049f8ab2f24a0b7f5907d9c73b0f1784ae3804290a41bf1be9d0977f9,Austin,Holland,613
73,danielbernard@gmail.com,pbkdf2:sha256:260000$OQDraGGzay7LQtxG$21d5cef9042eb17d1b4738a892f170fb2f561b3cd0971e64ec81395f9d0d6d09,Molly,Fuller,871
74,wbrown@gmail.com,pbkdf2:sha256:260000$S0JHtP38AQRVRRL8$e9ecfaaa9ce2601471caa96dfdb9eababc4051f131adc4f9c59c8443aa92b027,Doris,Kaiser,627
75,ofernandez@yahoo.com,pbkdf2:sha256:260000$lYznap5aAajeegHQ$d5f7991ec9073918d127cde52483a2873d21797f171c59f13f1d34175a48d087,Tyler,Curtis,415
76,conradthomas@yahoo.com,pbkdf2:sha256:260000$2mdJhRW7pIIQj162$6ecbc48f5c87f25d90f05a7c547a2b3720ac69ed0cb9629e60286d43735b7517,Angela,Tucker,307
77,savannahsoto@hotmail.com,pbkdf2:sha256:260000$W3T6ffLT5SFGL0ep$6dbfa7e1ad4acf3e6851adecafbe88827fbfe65a066ac7cd670b4ee8c1f8fad3,Robert,Gould,816
78,debra49@yahoo.com,pbkdf2:sha256:260000$ihdHqYsmYoZh4RVw$629a30bc2e2547253ba52be7f6b40375ecec41afe72e761bc20c397bde18041d,Cody,Morris,362
79,edward63@gmail.com,pbkdf2:sha256:260000$6XHu2RUV8czDgjxY$ad2c9d6960b3eb7a93713b3332e5cdf800e2f38a993ab9c2f10acafad08ac6e1,Valerie,Jacobs,681
80,deborah77@gmail.com,pbkdf2:sha256:260000$m6CgY7Mt6PkxiZWT$cc1ee335256f37feae115536a0d7fc8b7296c7b3c47f7553abb4a3aebf59a728,Deanna,Holt,644
81,opoole@hotmail.com,pbkdf2:sha256:260000$4dRRe0e9CRYj21UL$7f271786d8b04f315f1fb5398bc22d6da2f637ba9e0a4242e59bf701542fe11e,Larry,Palmer,824
82,dwells@hotmail.com,pbkdf2:sha256:260000$K0mPEbdsbeRjV21h$7edfd20c0041a8e1f6a58a96f8e7a22603b203ec14afadb43c6042f374bebb6d,Kristina,Higgins,67
83,qstephenson@hotmail.com,pbkdf2:sha256:260000$Fkr22qQbjElWIYsC$e402a93e055fdefe1b2b35fd7c736c8c09c19b450f943186a82b3caf3bedcc6c,Shawn,Matthews,999
84,jeffreysmith@gmail.com,pbkdf2:sha256:260000$JjaWJRK4q9rztusc$c66aaf9c027244d752bb065fafdb61c111ef65cab289aeced4060b93c5115ce9,Samantha,Parrish,285
85,marydaniel@yahoo.com,pbkdf2:sha256:260000$ZJqZbRnlZvwOrAXN$7c3809e4d8c1355bea1f953036f8cf822ef72456a9c509d96638b4d7b4bbf83d,Tonya,Jacobs,211
86,jerrybrooks@hotmail.com,pbkdf2:sha256:260000$1Cz8QhzlJbiUIe9R$7b2bebaaf2ba1abc58cfc91b92976cd3ae101a167d5d73ce3e08f30594310bef,John,Beck,733
87,mcbridemary@gmail.com,pbkdf2:sha256:260000$xUuVALiqBj1BH4qc$97886c1ed01504bfff971b1731f513cf34bd67d27a91635ddb1c535947f6785f,Laurie,Underwood,885
88,ycolon@yahoo.com,pbkdf2:sha256:260000$gXvX4FwlHoOKLvDc$32e9a80d2506563320f8e6235e56e69301d7c9206b6189d12955e6a2462abd11,Linda,Orozco,22
89,michael74@yahoo.com,pbkdf2:sha256:260000$aPaEvTQLvnhCwSBn$5a3a61ac7493529cfaef3cdb8b7b71800a351c37fb9dc6d257c0757488447c97,Kimberly,Park,266
90,dillonwest@yahoo.com,pbkdf2:sha256:260000$CcsIFde3Nh8vbLDK$6602f60436f1d5fba93c290d8e5b0bc4cc8fc065035b465a1cbdf21edc5b9378,Cynthia,Lyons,193
91,sarabender@hotmail.com,pbkdf2:sha256:260000$g0Yogw0pQHJpF30q$0297dd8c2fb8be69f8d0fb94900e9ce334895d207eaf621f7474dab81aaa84f1,Daniel,Hall,505
92,jeremy83@hotmail.com,pbkdf2:sha256:260000$oDjATBXobdoZ2hDj$aafecaddab69ff1d9a5e9987c86c171b8068e25759006235def7965dc053fa84,Spencer,Duncan,705
93,jonathan73@yahoo.com,pbkdf2:sha256:260000$bjJcghEZHXomO0IS$36c3bd91f5c4b58d04bed8263b6487427e935babe0cc7adec529aa1de972c97e,Cheryl,Acosta,489
94,alexandramitchell@gmail.com,pbkdf2:sha256:260000$P1jbojG0S5ueSenO$8eef2e0b0a5eae7cff456ced0a7b392a1a964b5b38bed469de4c52ce69879d0d,Matthew,DDS,660
95,mathew17@hotmail.com,pbkdf2:sha256:260000$NkQvqxVdGGzmY6zx$29be975b0b84d80e400c5ed2b79d0d452e1c5c2ef9612c0212673541aaf80345,Angela,Peterson,430
96,pgriffin@yahoo.com,pbkdf2:sha256:260000$IIg7RcNqJevSuzJ1$b426a7012d51d6d96d91f3896eaf9be4368f0a3a4cc5a9d5927a7589c45fdfd8,Adrienne,Friedman,45
97,kennethwilliams@gmail.com,pbkdf2:sha256:260000$xxM8CA1R8yvlVLTG$32d3e2e0f89ffe965eb57abfba996f61fe6803af979ce408481504c1fb890683,Donald,Thompson,281
98,shawnharris@gmail.com,pbkdf2:sha256:260000$PLxt0sDlFiNzdh5X$306cd1f351932c161da88e4e5825414805ab41d77629cb8cbc2b4f86c3498a05,Bryan,Scott,486
99,danieltucker@hotmail.com,pbkdf2:sha256:260000$ljqD2VuRzYrSJmEx$ef58c87562c29e3174395773f03facf0fc657c9320548f10f8ee4865b8e75ffa,Jessica,Miller,190
100,timosborne@hotmail.com,pbkdf2:sha256:260000$ZlyzxtPUJVoKjvIl$4372141d89837fe2ff14cfdcc72d22c587861b23ed543538d4096e5526459409,Samantha,Taylor,946
101,brian98@hotmail.com,pbkdf2:sha256:260000$Huelg4b2fAKmmoc8$feeaa8c58e6f225e6ca7efe32080c2d8cb39901a7182b75c47fb378621c2bcc9,Samantha,Washington,479
102,williamsmichelle@yahoo.com,pbkdf2:sha256:260000$RBneT6wA12e3HBjw$8549b6ac693af2981d14410233ccce85dcee273e199eacc8aa0aa3f31aff476d,Heather,Wright,986
103,amber45@gmail.com,pbkdf2:sha256:260000$DCmVKSojJXJ16T1f$73f7d0ceca0546f5f01cc38d1c051a23fbf6d09fccc9953b11452f9e0450071e,Kimberly,Gardner,460
104,clarkmichael@hotmail.com,pbkdf2:sha256:260000$JVuqFsDELHGxWeCV$91ac4269c7143f8b363f77601713fdf21f8d037f64f109f822e1c9d0eb17fbd5,Kevin,Holloway,604
105,clarkcameron@yahoo.com,pbkdf2:sha256:260000$RW3hFzo1dYOEWqpB$5e987d9587c88739f296be2cf1bf301e21062b8bf71d2de9e5e551f8d0134066,Kara,Edwards,101
106,shelleybird@hotmail.com,pbkdf2:sha256:260000$uYmV2lJTmwGN7BsL$676dcd92710cf62515063203fa89de4e757cbbe5b1dd39f7c03402abf46c83e0,Scott,Martinez,752
107,dickersonvanessa@gmail.com,pbkdf2:sha256:260000$d1nCNQ9toPFIV3tO$b36eb89ed3c094f2fd63319d0d320f09a4505601cc05cce270333bf1f1b5133a,Stephanie,Montgomery,274
108,rbuchanan@yahoo.com,pbkdf2:sha256:260000$BrTX1kYbukZ3NIKR$e8c7887d92374cca2d6845306e30e93346b62f9cead8c22e50a02d4ba985fc82,James,Gray,171
109,kurtellis@yahoo.com,pbkdf2:sha256:260000$w0qjb0koX3rS0G6H$a879bacbb46d0f3cd9085efc685f6f2961d1f5ebb0dfdbb195d212a9fa01a752,Andrew,Mcdonald,219
110,thomasjames@hotmail.com,pbkdf2:sha256:260000$qSIA55HkYeXFPhxN$88163c669ce745b8807aa2eff8c164372be0dad49b86d4db575ad4bc92e853f7,Chelsea,Potter,923
111,vdavis@gmail.com,pbkdf2:sha256:260000$J6BmxdcB9RJ29rM2$ce68b09c7f54e86cefe0d9f831ef67572f41b401faaf9d087b18b8007cd5a87e,Vanessa,Wright,764
112,toddgonzalez@gmail.com,pbkdf2:sha256:260000$MM2Le6xvGWTlYmev$6e54f4ed5677a7ab106b02d792c6b1e5e6576b3f5505be5c1a8dd779ab331d11,Jeffrey,Robles,109
113,jcarter@hotmail.com,pbkdf2:sha256:260000$KlUUEephLBGNV1WH$9bec52342dfdd29f72c7afa4773b21550f13654a146e05b73e81e565b15e4e18,William,Delacruz,325
114,theresa27@hotmail.com,pbkdf2:sha256:260000$HLZGs43Auhejzgsq$b86176fbb2e1fc55c0cb421085e3d768e00123d7b18d8647b67cc7ad2d31869e,Nathan,Perez,177
115,sstanley@hotmail.com,pbkdf2:sha256:260000$NrTAS3Smr29U9Rih$42fd2dbff9644c562fac202d4dbad842e2638fd677a845956b4f8bb04441c2e0,Krista,Allen,772
116,howardgregory@yahoo.com,pbkdf2:sha256:260000$PnE3utyBCKrRWTY5$4d51f185e568ed47b2b6135a71ede452a3ed06d348109ab04cd53a927303a37a,Holly,Jones,737
117,kylesutton@hotmail.com,pbkdf2:sha256:260000$PDm2ES8qiUZckrff$aefa33fd5d1ad8c0821108a0b5931b78a09f5753ecb2f723e313d4c338853d56,Brandon,Smith,496
118,heatherjennings@gmail.com,pbkdf2:sha256:260000$j1vCLggB79VgYbKN$804c2c14f890c9d28e7c06b2159973c3d3447fa439393a3bd45ded2888eb6139,Michael,Murray,717
119,amber59@gmail.com,pbkdf2:sha256:260000$wCipczBkoGwvC8XU$4a42ed7a42da4d16be1bd25bba43301bad638bf6564ed13476b1a9aa0a7dad40,Janet,Tran,226
120,wheelersherry@gmail.com,pbkdf2:sha256:260000$Si1jF89YYFy9k1zd$134b3c874cddad64323ea8f1cb4903db2c85c864468a59477a66f98c8e0c4fb8,Dr.,Bailey,475
121,torresjoseph@yahoo.com,pbkdf2:sha256:260000$97t6TjUwXcoviRos$4371ce4bb521d541aed1310f9ad1b4d70ef3baa4ddaaa56f586001490022e55d,Mary,Simmons,702
122,phicks@yahoo.com,pbkdf2:sha256:260000$LpL7JXEMXy76G5Lk$64a6cfb4135020953cfc298723341aa8a71c19f54c5aadfa67de73126205e58a,James,Martinez,282
123,rwebb@gmail.com,pbkdf2:sha256:260000$JSQb2kY9F6lJgwIl$ab9b7d7535c7047f23bdd96bdc0dd286bcf6b57736d6c486a0011b2ff79c1e15,Patricia,Wright,466
124,jaclyn81@hotmail.com,pbkdf2:sha256:260000$7qwvZFYnHgYecpUY$f45504b1bcab7c8ae1906e9c75b869c6d5357e0b9c4c21a61297bb70bc8e23ba,Jamie,Harris,889
125,fclark@gmail.com,pbkdf2:sha256:260000$SIsFhxUMnLVZkbbA$52d5516569ccb9c0942958089efa50bb1acf41880b34382b3882683c58677141,James,Stark,197
126,qjoseph@gmail.com,pbkdf2:sha256:260000$bwrNnZzCXLgyseZm$5786fb8a37d93542ac1cdc6fb8f8e9f43f2a99ceccb36a5f4c13a69adfd8e86e,Barry,Rose,867
127,christopher02@gmail.com,pbkdf2:sha256:260000$V9OHTtlH21y5I6bB$b986f14f600790d3808c20cd566d8f305c01c1cf818379c81ad75a70671d3941,Nathaniel,White,746
128,robert93@yahoo.com,pbkdf2:sha256:260000$g3TOMGkJYhGZkeUD$314e55367701d450b5ca7399bca284c90de984735eabd98e5801181cec3d3d27,Phillip,Vasquez,926
129,jmoore@hotmail.com,pbkdf2:sha256:260000$0WlC55yugtgbA7AV$cb96bdb84d1e987f2c84e773af5eec38378e134baf1961e3b1f5b1fac1ec468e,Kenneth,Patrick,982
130,sherri51@yahoo.com,pbkdf2:sha256:260000$wMYIniLRiT4ZISe9$196537dec842e2131fc2c1de1050a3e70059ee0c018becb827b22bff3f9b1347,Cassandra,Smith,781
131,beckyglenn@yahoo.com,pbkdf2:sha256:260000$P18Exf5oFHz8d1Rx$68b5f31e61b6e0d703085ab2cef68c324b16cdd076297a3ce1714678f9dd29e8,Nathan,Bond,764
132,omargarcia@yahoo.com,pbkdf2:sha256:260000$U7V4Zr1Wn6o2xB2e$0fe26aed047c8114a09cc8960a0787525bea8286f493e51e61d1511a22ed6eec,Courtney,Jones,369
133,smithjacqueline@yahoo.com,pbkdf2:sha256:260000$3bybqTZye3gs9jEh$a918883f215abcefcf02ae261c3bd28527e92a6d09b67d19209092044c2f3f75,Emily,Miller,801
134,pwright@yahoo.com,pbkdf2:sha256:260000$H6h4VLQtHUKKNJd4$b74f64e75bd9b61666a56c830af69ce0f323c953fa18773ac05bfa3eb06dccc8,Brandon,Thomas,778
135,julie32@gmail.com,pbkdf2:sha256:260000$oFgpAL929Qi2ZTVs$27689c1c62048c259e5d1a9e9b0626b11b617c62dfd59c1b49040f81aee06bce,Tyler,Howard,842
136,moorerichard@gmail.com,pbkdf2:sha256:260000$O97VBDFdtENUpNv4$a7bc4e337b12df7e0c20c7e31a5da4a39d3149c486d1a2c8ea26a19d96600494,Shirley,Peterson,293
137,qsimpson@yahoo.com,pbkdf2:sha256:260000$vPaAwUlF1VxKL9Q7$d26eab0b9092838fe51c22a44140fa0ab854b32b504db5ecf7c2c5b939da4885,Henry,Smith,838
138,justinhorn@yahoo.com,pbkdf2:sha256:260000$ci34WTjeHtZ7qhnx$c68032887e94beb68b65bf083b36dad5ff0bb9d899effb5177b85e57db99731c,Richard,Chan,888
139,falexander@yahoo.com,pbkdf2:sha256:260000$M39JA6CuJwKCcJTT$b1e0f5cdcb5e732e7ca932689550af8336bc9d4a18c8ecd2e66512a64033e9bf,Kaitlyn,Jones,150
140,hdavis@hotmail.com,pbkdf2:sha256:260000$YhoHUzCaNMm8MEMO$8586056753aca3fcc6132fa048a78f30dce419cbddb973dc553757dc85c72a35,James,Yu,201
141,browndawn@yahoo.com,pbkdf2:sha256:260000$oRJN3f8AW68K6xP9$ac509b9d467ee31aca78b5b6332b711038dfe267fc8ac92e77f284faf9320efe,Courtney,Curtis,951
142,lwilson@gmail.com,pbkdf2:sha256:260000$6cccJIWISu3fCUbH$ef409a669f640d255d0e470c2cb36a58bb68190e80d26f891dce6f3fca2af679,Cheryl,Jones,588
143,rachael67@gmail.com,pbkdf2:sha256:260000$9lnASF5ZxLJSSWo4$1d877f669d56797472056f2de7140445a07b2ab1ab93b8dbd0e2bdf94edc02b9,Carla,Smith,914
144,jamesmcbride@gmail.com,pbkdf2:sha256:260000$8cnBwzdxF5OlUwEn$0a6e8ac277c1935bb4ce93d58a710b7b98e5b896276ba22722eff70d4b934424,Sarah,Keller,452
145,fgraham@hotmail.com,pbkdf2:sha256:260000$y7d0hNp4IvRadS3K$d1466800202ed7d11e82f807b98d272209fa5a8224fec1798cb5e1b97af14ba0,Willie,Owens,717
146,ethan15@hotmail.com,pbkdf2:sha256:260000$5q0sDEoM2MOz8Afp$02ca52f89a8ff18f6fa793aa008afdf3484483669ee7bb67280b001ba8be5c36,Luke,Romero,136
147,harveyrhonda@hotmail.com,pbkdf2:sha256:260000$a4W1TrOBlr2b69Gv$5accd9525d9d8e7f6893af3aed8015f5959a25ea3487d7903aa643ba5bd433ad,Jessica,Chang,306
148,johnvalencia@yahoo.com,pbkdf2:sha256:260000$kdTlHrxNxaxG7RPW$e3c65ec59437c377204c6e14761e4847e55f36d96310699441f1181f7fbf43c1,James,Patterson,450
149,daniel36@hotmail.com,pbkdf2:sha256:260000$Xh94b6pQzlGEqUC4$1f0f4ce4f6882bbf828a0ecb3aac54e71e4aed9660ceae5e373c1a8835a30b8e,Jeremy,Johnson,105
150,hollandpatricia@hotmail.com,pbkdf2:sha256:260000$HabchsiTCZobGskO$a8d17fce64f73ec7331249d3f34d21ecec39ee5863925943e39bf221e957ec0a,Cynthia,Kennedy,614
151,wrightrobert@hotmail.com,pbkdf2:sha256:260000$Ad8Z5g1MZucQYQXb$e5c6000bfb58f6d775e0be8c272793827a8e952bfe6160d8a8d7ef320f5052c5,Bobby,Berry,714
152,lisawilson@gmail.com,pbkdf2:sha256:260000$1P1WipbwDYHaJZxX$8cde5a2646813a1931303b2e032d8499797a6e5b9240eb66de5e70297e1eb884,Logan,Clarke,961
153,sandracallahan@yahoo.com,pbkdf2:sha256:260000$DnfHWxPr5iugmv54$d7e2e095ac92f80ebe5e8e2bfa5ae794752c74fb1fa2937e5228b30b89daf262,Jonathon,Bell,181
154,robert10@gmail.com,pbkdf2:sha256:260000$McN2Y5dskZBrMG3w$9711324795e39105a1d802fe493e83d61dc924172887442f472fdf90b3b2fbf1,Frank,Manning,829
155,ywang@hotmail.com,pbkdf2:sha256:260000$G334Jm4PYWAGw8t6$842356f0248bebc42040b4e616185c0242d52029d2aa61e2e14ef4cbbb4e06f1,Mason,Allen,261
156,jennifer49@hotmail.com,pbkdf2:sha256:260000$fPaE1lqQDCZA9GGB$36f5d6aef2bb0f44e7ce58df06dc6a96f638853710001664cd34da1b9d3aa109,Beverly,Johns,226
157,jessica21@gmail.com,pbkdf2:sha256:260000$c2VG50Ut0N2umuU4$80378c6025f10eb588a26fd0fe99c1e326e9f61e32ddbcd2e7df9361486c49c4,Dr.,Shepard,28
158,williamsnicholas@hotmail.com,pbkdf2:sha256:260000$CKQNEBK4BqYge3vr$227ba95486d7e83533074da0b1aa3a438b115fcfe28248b5214c3eeaf5635c73,Pamela,Estrada,731
159,jdavis@hotmail.com,pbkdf2:sha256:260000$cktoWFdpCprBrPJf$32fb8d5381cc1c23f1ea3fd7787b7d71eb65167add82df65730e1a1367d20932,Abigail,MD,258
160,igibson@gmail.com,pbkdf2:sha256:260000$FqGnbfpoYRL4Q5Rw$8f21a2014f472ade4642a46ffa012b1636c044937cfbdb75172f164f5afc6acd,David,Smith,612
161,jessica69@yahoo.com,pbkdf2:sha256:260000$6cqXjL5SuWtAK9K7$bfdf5be7b4741ee29fd82c6b68043077cf3f5fd14929acdf0c40ed22ef187978,Kevin,Jordan,249
162,randy95@hotmail.com,pbkdf2:sha256:260000$YZlsbKoarO6aFjyP$5941446f78a3680a3a82227281a30ffab04cf4b374b5dbdbfd9891df29d284cb,Yolanda,Thompson,900
163,ryan31@yahoo.com,pbkdf2:sha256:260000$TfuQGCzw4TxQ5XOJ$c0e686cf630ace1c9eadebdc0ee9d683ca508270a17c0eb1bdae7dcf7d643570,Joanna,Bauer,762
164,aberg@hotmail.com,pbkdf2:sha256:260000$mERhF7yDHx4OKH6A$f9c4c3a7f3545aab2cd35ecf33134f70a7b3aec8b3656015a3c3555e286a657d,Richard,Harmon,39
165,edwardsrichard@yahoo.com,pbkdf2:sha256:260000$777FS93z4cQ00nnl$5a8d80078ec7b385bbbc8ddd416e8c6ab9a0588a0afff787554d8e4695f6576e,Michael,Brown,591
166,carlsonnicholas@hotmail.com,pbkdf2:sha256:260000$tVMqyBLSnWDIsIOm$71035ac89bb320659294261ab6752e11789c856fc73086c222c98b6b633b303b,Dean,Bowen,395
167,nhanson@yahoo.com,pbkdf2:sha256:260000$IRgevPr3GbpKN4lZ$4114b946825a82edee3c096c0b168f52fbda258482a7c9df7db7876168cd4fa6,Eric,Williamson,207
168,marcusmendoza@hotmail.com,pbkdf2:sha256:260000$CSElpXTQkuVX2Hli$83c103fabd7e1e98d23aeaf871974a547651da3d4f9f945bf41fcb0be5e57f00,Tammy,Nelson,18
169,brenda29@gmail.com,pbkdf2:sha256:260000$txu2VJEYUyFuUM3R$7cdfa713262b2fdb8642c8038239dd3c16fd4b022ce8becc4af985f962f26465,Kimberly,Bryant,35
170,bowmanashley@gmail.com,pbkdf2:sha256:260000$bfuzGYJjNQT28GVv$f9b84bd82c74d10188f31c8e70db642a63a7735e48ff387035062abaf4533118,Sarah,Garrett,818
171,derrick53@yahoo.com,pbkdf2:sha256:260000$yRHW31RtywjN4Ble$d92a618730c37ad81888e6376c7a10c3df19a355ce165631e5212c3c13e36de3,Kyle,Johnson,512
172,jennifer70@gmail.com,pbkdf2:sha256:260000$VNNOXbkrS4LJ8Z2e$b8339cdf777b3539c29e3375d6aa163e5cd790f27b130b2468438493b04f628a,Amanda,Bryant,329
173,boothsandra@yahoo.com,pbkdf2:sha256:260000$PsVViItjV0tlnbyX$4994c2c72c3671a428e3eccf90f60eaa2a2373b69988c37d44b3425fb27af00f,Amy,Diaz,263
174,fcarey@gmail.com,pbkdf2:sha256:260000$0XM2cL9VDL17kle8$5a6a2222a8026251e3d4a6a2d1a3f8ea6a37a71f1ebd18942d676f095fecf4e1,James,Alexander,760
175,lisaburch@hotmail.com,pbkdf2:sha256:260000$kfTjkhib9lpinay0$e71d88c5b6166b7ac3765c24e922a2eb39e8358cb21d39b9ff3be877fe708337,Misty,Dean,604
176,garyfowler@gmail.com,pbkdf2:sha256:260000$HGvbelnXZml5OHcu$a19b55ff42a3a783b92bae421e60c73122ba89a01ddb07e2f853b4e6039a2df5,Daniel,Weaver,420
177,pruiz@yahoo.com,pbkdf2:sha256:260000$Pop3ySHZrCKQATOy$14b7632242e31e3e9004763a97e568ab7793f7fd230da0a27dbf083f4c746f9c,George,Ferrell,821
178,elizabethpage@gmail.com,pbkdf2:sha256:260000$aRzuUvTTkqPlQoW8$0fa653f7022bf35b93e9e10125a0f543483393c0cdaf075b6606d56ce0ad86d6,James,Wilson,452
179,debrakemp@hotmail.com,pbkdf2:sha256:260000$Bcpewkhaj9iLZErV$4147824630e513cee67ca720bde1d12fe745d1b4f6ad160a3d9a2db1d567eb9d,Diana,Silva,766
180,ysims@gmail.com,pbkdf2:sha256:260000$cC1QGuDH75d6G8Pa$1074173c52b46fd95d1906f0c1e62c0ea43c5898e08a0feaf78c51ee423ae0db,Samantha,Garcia,528
181,larsenamanda@gmail.com,pbkdf2:sha256:260000$Zun4yNZcxcGiSx5o$a544fd644f735bbb9bd6e8d3a80cb0ec1d1de6e13dfe6f59cccb045324f844f4,Brenda,Carrillo,674
182,michaelkemp@hotmail.com,pbkdf2:sha256:260000$ZXRNFDmrRYnyY0Je$4999d01f161097b45ddc780e6b54029ad90e59942fc08def55018fe1d480ac34,Jessica,Trevino,539
183,williamsnicholas@gmail.com,pbkdf2:sha256:260000$hCDaocFgzGpoLzhd$728a70a7cc360aa741971d78ddd2ff3ae18ea1dbd29eb7001962d144d88cc7eb,Robin,Fletcher,945
184,jasmine05@yahoo.com,pbkdf2:sha256:260000$S0mKRNzo97zbgatW$ff9e2d5be2a1c2124d949fe99fffe25105347faf79b7e18e0bec6038afef1921,Phyllis,Yu,884
185,stephanie10@yahoo.com,pbkdf2:sha256:260000$7ksNCdDXUgWLWtc8$1d39cd7543088474aa61f287003e149d2efc7298188d99c6af8f4d64a0fe12b4,Alicia,Robinson,359
186,ptaylor@gmail.com,pbkdf2:sha256:260000$WN5rln4vFVgwrMlG$b806a18b63bef3cda3b1be8c7c658fd9dbba7aa1296cef83115c1d9f2e0ab7a4,Rachael,Marsh,732
187,kimberly74@gmail.com,pbkdf2:sha256:260000$OoIkPkW7YpvVJc6E$20aa82d590899922ec0b7fc812340c01837fdaee062fcf57d38db928495d9fb6,Jason,Schwartz,182
188,bradmurphy@hotmail.com,pbkdf2:sha256:260000$dKyVZHdNhiQ9qenX$1124e9e31cfb488d7bf89925f8dd9886a9676e335ff9262c9a31ab8bab1ce35e,Robert,Knight,374
189,ericmontgomery@hotmail.com,pbkdf2:sha256:260000$FxRX7of4zsZPuSTg$1efa3821750f9f4ef55d6dd3d46511687f71e204e0dfa3632bdf43a754a6ceb2,Jennifer,Patton,213
190,danielpowers@gmail.com,pbkdf2:sha256:260000$tELmp9RgfHWTnLMx$ad4d0d72517136a96bc1710efb3bbc01bda0b4c7193825ec25ce309aa61daf69,David,Combs,849
191,julie89@hotmail.com,pbkdf2:sha256:260000$2DjcxZzGMxx6e1hj$e5fed22db2f999f634644823fa2b92412996ec512ec022473ba6d0ab43ac8f5d,Sabrina,Lawrence,564
192,lori98@yahoo.com,pbkdf2:sha256:260000$PLf7hVDkQFIfSzto$9cf7dfeccfa8ed5027696967ea6162b38ba330f13ef007a3e410de23a3d51d19,Nicholas,Thomas,412
193,bradleyward@hotmail.com,pbkdf2:sha256:260000$2kbqAQCvBfgCkYo6$2547150f8470926313c04a2fceb3447002a63733599b72f73bf28448db7e9d49,Ruben,Burke,794
194,garciakevin@gmail.com,pbkdf2:sha256:260000$2Vj23nRPDdPXcvZO$68ac54cc0fde40c67cc6c39fbc0b6b1945988c0d79f01f2b5fd270156dca0232,Jeffrey,Peterson,555
195,ryan22@gmail.com,pbkdf2:sha256:260000$ibau11xH2mR4tD8Y$99e77a30dafe60ce359d4182a571f18b508188142d464c3ebca55895cac4a4cd,Alan,Oconnor,221
196,owright@hotmail.com,pbkdf2:sha256:260000$0vfq9R3ZEcLKP6uq$3904f1f16b1030a6e389640493429e74cdf8f32b42bf17506d7e3c5994126daa,Joshua,Sanchez,42
197,michaelanderson@yahoo.com,pbkdf2:sha256:260000$5YF5GoMPYPdoil8e$a593f220f8b8748ab08a834a4738f15c0d8473780091c5682b26ab3c422801cc,Kevin,Howell,787
198,petersennichole@hotmail.com,pbkdf2:sha256:260000$yLRwAU0slPrEhYE3$1acd4101c0e7a04aadf1e5edb925ac6ae646a58ad3175370fc08e6ba829aee12,Anna,Pruitt,312
199,margaret14@yahoo.com,pbkdf2:sha256:260000$QqIfGUBZSpTuiLuP$7659d4a205631de1f53b915b7ebd129c05a73fe1cb92450e47388026b24261eb,James,Erickson,914
200,nperez@hotmail.com,pbkdf2:sha256:260000$DF1eoKBtic2UkYle$ce9ba0c3d0563e8bea258c3e7be5ed1430669968b1a520ff418449ccd0d26595,Lisa,Wu,524
201,huffjordan@hotmail.com,pbkdf2:sha256:260000$C0R5Zc7zAsHhB5KX$dfea04c97ab83b4d07b511e93102b815241bf79609d161f7efc6ebdae145be3f,Ashlee,Garcia,118
202,tracycampbell@gmail.com,pbkdf2:sha256:260000$H0i3EEsEWbLO3OFh$8d2134ae923164d5b5b99c1d1825d303d7fc677ddd4b394e1063ba4ebb6583c8,Johnny,Mason,341
203,cindytate@gmail.com,pbkdf2:sha256:260000$Oz0BT0S6BVTM3ZhF$296fd5a621323a111e20f77d14972b3860421bdcdf6c2cec141cc18a0579770b,Amy,Brown,243
204,garciacynthia@yahoo.com,pbkdf2:sha256:260000$m7pw7zslJEPU2h3Z$aea608ef29aee053bcbd6946f6e645dfd916c7e038005240c51a816a35ae6b9c,Angela,Bennett,610
205,danielshannon@gmail.com,pbkdf2:sha256:260000$rhRmQjo4b4rL5E5u$3d68cd5e647dcef8708e20557943738689e1f56f277ef926492704d5502eb96c,Dawn,Rodriguez,811
206,jeffreycopeland@yahoo.com,pbkdf2:sha256:260000$Ey2n2UEtM9U42Wuu$3b55ae9154fb7633d0fd8f33be28cc077c7beff867708245f22dc873b2c3bbc8,Beth,Wagner,31
207,whitewendy@hotmail.com,pbkdf2:sha256:260000$zIDIRshPqkPabRxp$866bf42a9cb962036a1a2fb36de7f0c76e3429f4cc3a5be8e773ff5e31d64c80,William,Davis,737
208,jaclynwood@yahoo.com,pbkdf2:sha256:260000$pwWbFDx45K4fc2ck$b9facc7a8e873858fb5c8ece672d3dd0e5d1611466e5d8846abc660a31ddbb64,Kathleen,Ball,673
209,pvillegas@yahoo.com,pbkdf2:sha256:260000$dMkH5t5fJ4bfLENq$6d589164f13ad0ebf1af0020068f55837c88560b9327fe637946e50c892a07f6,Alexander,Castro,677
210,graykristina@gmail.com,pbkdf2:sha256:260000$cpeCSzSP1lr4GDtI$683aecd75b6e7264c8bf6b2f8186e065caa989ccc3b80976e4c4557dc953b76d,Paul,Patton,312
211,william00@gmail.com,pbkdf2:sha256:260000$z39CSHikT1QU1muy$318a3fdef15f56085f158545a30bb1a5313c4b3b3dea596007d7d659408b384b,Gregory,Williams,803
212,youngdaniel@hotmail.com,pbkdf2:sha256:260000$5oP8NQjWKVNyAFMF$a4b85dc840b8acc8e89ead7f3aca039544af2bcae97719fb7b537a76dbc084d0,Rachael,Fitzgerald,602
213,floressheryl@yahoo.com,pbkdf2:sha256:260000$ZMSmKoFkvsYgoSFP$5e0403ce6fe2136109f9da4fb0ca581e828fe0c22177a5be777cd67b5b37a44b,Anna,Carr,336
214,maynardthomas@gmail.com,pbkdf2:sha256:260000$lQFzIeIgpsFvONwg$0cfcc589280420f7b49a18b3c848c4820a4a07e9a47433a8d1712b1813e44a70,Christopher,Carter,86
215,jenniferhobbs@gmail.com,pbkdf2:sha256:260000$EmJWalToR0eOrjdw$7a96b4bdd12fc19ad5e86f9beff552050428b0535c9aeb723e9748072f06bcbf,Amanda,Baker,775
216,torreskimberly@hotmail.com,pbkdf2:sha256:260000$oiztyL4Zgb4ZEpo8$dd978b468096575a4f1c442473354fc4fb382d88869bc1d727f3031ffceb1184,Joseph,Richards,159
217,lconway@hotmail.com,pbkdf2:sha256:260000$5T0kWElDNgnb5Svg$c521b0dd4989399f0fd6b76f28001fcab480766c5f55f42c0e06ece0a07af0c9,Bobby,Smith,60
218,alexisrogers@gmail.com,pbkdf2:sha256:260000$7CBwXmMRLxRATio8$b3aeb03613e8dc6e8d525231b74be65495dd79f8bfd51397e749339cb2681cb3,Shannon,Carlson,899
219,tiffanyrodriguez@hotmail.com,pbkdf2:sha256:260000$kHvBLeWZj8jcyT5I$1d3bda131e31f2308e78e75d81a85db61736dde6e1bd74ecf2d7903428fafd1b,Steve,Schmidt,303
220,ecarson@hotmail.com,pbkdf2:sha256:260000$NOsnK4l7h4XSwyTn$472999dbd4ed56874d6914cd3862e15e616db7eafea2c0411e948d836a48518d,Nicholas,Nguyen,205
221,tonyakeller@gmail.com,pbkdf2:sha256:260000$OAdo4fdRJr9GIlp6$435391e90469a88b3b9cf40d37f85c262059c1a64d48f536e8e55c2349d3ad97,Patrick,Fuentes,174
222,yruiz@yahoo.com,pbkdf2:sha256:260000$UAVloMQKTLqdtKSJ$aa65feb1c8dbab73c5a60f4df90439b5c1bee0c9cf3efdf2c3f93e5f60ddc0a5,Sheri,Stewart,79
223,emurphy@yahoo.com,pbkdf2:sha256:260000$se19rgpuyesX88Rs$4fd47ca2ae4faddfb11d1671bf665ca4ae0cdb8fd20affd50d435b319c1f0e79,Gabrielle,Mckee,952
224,christinebennett@hotmail.com,pbkdf2:sha256:260000$138E7X29C2lxAINp$24c1bd9d013f9de6a66971c9a7739e63e0c27b3bfe88fd7efcb63b5fd2401989,Thomas,Bell,907
225,zmayo@hotmail.com,pbkdf2:sha256:260000$0U4gx1VfWGpDERqh$e87fa51c548fef0037bde25c42d42813845b666fbb9058e2574d9674c2bb86e3,Joshua,Anderson,952
226,melissawilliams@hotmail.com,pbkdf2:sha256:260000$iUCVMNZ8yinmbfDA$7224a0faf4666299ab15a9e06b9dabcdf915bbbe4a2bb3d3f63ac57fc73061d7,Leslie,Gray,33
227,jamieglover@gmail.com,pbkdf2:sha256:260000$QxfwKxJ2wklKpv40$a8bb2ec325b93ed1d50879fc4be0c7f4e260ba9970500c475a156f338a528cd7,Patricia,Young,148
228,jennifergonzalez@hotmail.com,pbkdf2:sha256:260000$1Xp71p5ERhlRvrnw$9b40f1408daf901c8bb3a86c00fd89ef12d5c36563291c3d5f441eb8d6a5c7b8,Kathleen,Fowler,39
229,meadowsjeffrey@yahoo.com,pbkdf2:sha256:260000$8G3P97Atz8yCqwWO$6306012b4c1aeab594fd18bad4be723a0cdf9ddaf91be9ea54dc87c3ca5078aa,Seth,Moreno,573
230,brownjoseph@gmail.com,pbkdf2:sha256:260000$gW7Rb0MacV24osGI$d11fdfee3ff16e2accdc9196db212781e7ed29ff7ddd0c11d03fcc8665f11d7f,Timothy,Mason,860
231,bwade@yahoo.com,pbkdf2:sha256:260000$LYsmMO7YWTzOPImE$5489e9524db1894af3890338f0e4539ab289241fb8dec0593303809a081534ec,Matthew,Trujillo,758
232,myerskevin@yahoo.com,pbkdf2:sha256:260000$yjLgl9itv8qqVPX8$d1413880845acd484ab8bade1449fd40ff089114267c698084a4c78ace3a1268,Robert,Nguyen,164
233,loririvera@hotmail.com,pbkdf2:sha256:260000$QrGf6qHnVF7geb4G$7dad2d3ea6e0cc318bfdda245de5d7f2b78a785c2fb7795fa3169d1e1814bcf8,Shelly,Boyle,69
234,tinajohnson@gmail.com,pbkdf2:sha256:260000$zWfowK1ueHc4MkVG$25fa5d830b2c662841596104dc71de91cc3fcb605fbf80fae2b2581a79a84091,Harry,Mitchell,436
235,danderson@gmail.com,pbkdf2:sha256:260000$vDfGs9f2T7Y7jFeN$cc0ad79ee3bb5b4d7425c36f6bda5421838f59f261cffb097178c2d24e65d11e,Stephanie,Chavez,141
236,joshua72@yahoo.com,pbkdf2:sha256:260000$f8oXz54MlKHzF0oj$c293ae420716ba4fb5b5220e14b61e8205f37bc3df51ff1759ae37ecb151c143,Donald,Cuevas,321
237,evansricardo@yahoo.com,pbkdf2:sha256:260000$DKRiceEN6Jhd3KGX$5fedd8146793f2f760455d186e54c9bf13f622a61c6def53a0f4da9478871950,April,Gonzalez,19
238,iparker@hotmail.com,pbkdf2:sha256:260000$hEymo6p0MzPEWlhT$5a01ed8a2bd726cb82746db0c61a66cd505e9437b5e5fe330900b3e30c8e60fd,Jason,Taylor,37
239,logan10@hotmail.com,pbkdf2:sha256:260000$ehTBV9lK5Th3ClBJ$5e775f22b2466e5539944e4d34451fdf0a0a854344f6daac5f82a2ce09843cb1,Joseph,Schultz,142
240,jacqueline10@gmail.com,pbkdf2:sha256:260000$u9g3oDjD7GoaUhF5$d5947adfdd05b897c5359a95eb3462c93b37bc2934bd06b4ce68ed3f60b32c13,Kimberly,Nichols,122
241,lindsayjordan@gmail.com,pbkdf2:sha256:260000$NaPV3Rhz8SdrKgrk$b5b905ed9bf7f14751c4ba222afdc1bc68bf1cc5b45cca003d7bf0cd1a3798fc,Daniel,Rogers,642
242,timothycox@gmail.com,pbkdf2:sha256:260000$AfpqIOp7LdUD7OqW$0e2b5e32fa97b2b60ff051d63e17701babd92a26cc16e7ce3fa4d85c58462590,Jessica,Brown,160
243,dunnderek@yahoo.com,pbkdf2:sha256:260000$ryaNrFvnVn6wlKtJ$445fb026f2e260a7ae0fd37a6226501489aef7743d1a0733485980066ad668c2,Sara,Collins,196
244,walkerclarence@hotmail.com,pbkdf2:sha256:260000$Ri4di3E9soou7wSX$603e81f8b706ea68fb0753f4ce78f8b2e65b82e9b9d3f0720902d81d7edb2b99,Timothy,Rhodes,784
245,grobinson@hotmail.com,pbkdf2:sha256:260000$k6xyetkBhy5WIXA7$6cf2e3d7c643376ed12cad32ecd1d5ca459f69370ee492e8491c1d0302385286,Kristina,Adams,582
246,diana75@gmail.com,pbkdf2:sha256:260000$EsLhi6vFbq6bkfb7$fbf78cd9249a2a9c6b0b5387093d721b7df6de037982edd68f77baab7e333d89,Joshua,Brown,540
247,gregory24@yahoo.com,pbkdf2:sha256:260000$GmFoYbVZiFWluBbs$3b351a21e540033a9549c8a90dfa8bf39d4f9a075f30b2d5f679510d59203941,Christine,Andrews,419
248,welchmicheal@yahoo.com,pbkdf2:sha256:260000$VG9gu1olebUrw7OJ$d7c6ec56ea72b69c7fa5c1284aeae1e3c42345f47607e340f39807cb8b148aff,Rebecca,Johnson,868
249,chapmanchristine@gmail.com,pbkdf2:sha256:260000$GXKpNgzYXocZsFY5$ba5a05ea03f1bd30d170158352f0447466ba392a09984b3b3a5724a62f09f271,Judy,Bennett,784
250,elizabethmorgan@hotmail.com,pbkdf2:sha256:260000$MXBTFy9FIk8WuToQ$43f67ddf23b5e3e3e04a5f16c277aed67730efff01c770089133e502787d7c4d,Kristina,Lawson,672
251,jonathanchan@hotmail.com,pbkdf2:sha256:260000$VfOEOEkJHHAeCGBD$a3b5b8e6cbcef9c94b3175352ff3226ec4c8a51d4a8ef8694f1adfd5752ed83a,Courtney,Wade,985
252,whill@yahoo.com,pbkdf2:sha256:260000$11Eqi6c3Vu6VwCXc$722c0abf8600b252773c42b14bc2a964aa9ff14dce2a2d518569a1ac824f876b,Garrett,Johnston,602
253,lloydjason@gmail.com,pbkdf2:sha256:260000$G6Wvrop4NghkFsch$971f62abc3fcdc99f9d148208898f63876d91da87bcad66513a947b3f3f211a5,Brenda,Andrews,655
254,kathy58@hotmail.com,pbkdf2:sha256:260000$6rlCYscOPpcBcgJ4$1a2c517ac332c45e2613de1b1f7e833d2a9cc9ead2220dfaf7d76f411c7e3639,Jenna,Reynolds,366
255,ginaproctor@hotmail.com,pbkdf2:sha256:260000$uFRWqwIy1Bl3vysP$b1b182b995832cfd2297220b1abae6c20f928a8d3e7fd7715df9c0b63825b5f1,Bruce,Mckenzie,475
256,weissjeffery@hotmail.com,pbkdf2:sha256:260000$QMqYXXdPvcBWBm9S$71324f955ef397ce9e8aecf8f905c645645fb2b378ae7421ef6655741fe55df8,Felicia,Martin,919
257,davidsonjohnny@gmail.com,pbkdf2:sha256:260000$062MSB38ov435rx9$c0a4e7cbd524fd1b011a158009e58c8c634875198d512a231ed985100eab454f,Tracy,Alvarez,143
258,jesus82@gmail.com,pbkdf2:sha256:260000$RjW1AyG8MgaJrxdT$39f562b19eb230a14992eb894a6ba9add6034543c1240046eafc744012089733,Amy,Jacobs,511
259,eddiehardy@yahoo.com,pbkdf2:sha256:260000$iEFsD6ZcaZtngTUj$6c20b36525b291abc403c9c7b50365e0de8fbe8641acbf7d317abe293eb9918e,Daniel,Cox,426
260,ryancrawford@hotmail.com,pbkdf2:sha256:260000$g8KVXQrLJr1iYHId$28363522f4da25b2d8d8edddbe851f29c02a551d50023f75ff3389a4ab13d829,Patrick,Jackson,550
261,qbryan@hotmail.com,pbkdf2:sha256:260000$hEabajcV5GVB2q14$a37ec0bb71ef019006c9fed16564481f5a3279563607e9b441a66ca84d5eb339,Cameron,Ross,927
262,gquinn@hotmail.com,pbkdf2:sha256:260000$lz0zLJyzcgcXMngY$7071f0cfafc1060616d91403566a3ef246c175ea1c33542bcb5566e749a4974b,Matthew,Ray,951
263,hmcneil@hotmail.com,pbkdf2:sha256:260000$DflcAKPdrwI2uZI1$d5f19b1d73933779125d99c5437a32a2590aac5220a3957199c79e0b70443f7a,Connor,Smith,944
264,laurie23@gmail.com,pbkdf2:sha256:260000$rBIG1hjWGJ7XZjkx$0624fbaee6dbe4598c5fdd9b0e6fe260797c184a24d9de5d81ab5ab06b17e21b,Douglas,Navarro,608
265,rachelcooper@gmail.com,pbkdf2:sha256:260000$ucODPJeMg6XBwpRZ$2bc9a7e98bdd2b6e367cc7b328cab574e9511fb85db8b33b28ab95a517b57ba5,Rick,Herring,447
266,dmcdaniel@hotmail.com,pbkdf2:sha256:260000$Y4cnss3PmY9lTCkK$2bd885132c007f7021130b627bf2ebcfa637c701af0484c70f5eb5bccb6f7242,Anthony,Padilla,908
267,jasonbennett@gmail.com,pbkdf2:sha256:260000$u0Vs65vnfIm1acn8$b026c217e473b1686f94fa7ed42948fea7893ff398343e856cad6a0ad78e85c0,Linda,Jacobs,443
268,josephstewart@hotmail.com,pbkdf2:sha256:260000$TgQzBz99gkRfguSF$b936394b382a500fde93d8767a0ac60a2be5dc0813e9a690210dcd9222fe5be5,Leah,Cantu,424
269,amandaclark@gmail.com,pbkdf2:sha256:260000$UpT4RfWoGmSyEvmU$44639bfc6f5ff7f4048acccefe3aec6a4008aed033aaa1054b224771d9a0c4ea,Nathaniel,Lopez,33
270,joshua83@yahoo.com,pbkdf2:sha256:260000$8Ug50SVG2NbSPheq$23d560fbda67ee369fc16e5f5ed78b3fb07dc6c89ce7dbbfa45e334664408eaa,Brandi,Ortiz,794
271,rreed@hotmail.com,pbkdf2:sha256:260000$5pU2XPB8PWffrucI$62651b0b46325168c4fc14584092dc048d9d108c359245d1b186108a33e0ec3f,Anthony,Brown,766
272,burnettdarrell@yahoo.com,pbkdf2:sha256:260000$Xm7vybtZVEr9mkVb$47d91b7efd53b31a3a95a2fc0e63fc28521117645d1f7ef9d41cd0b9832627e2,Patricia,Sanford,434
273,mrivas@hotmail.com,pbkdf2:sha256:260000$D6cvMMiy7E5Wf5TD$1687e89b1e094476438d385164499d6450b6526bf1c5b9a93f852d18729fd034,Mark,Mercer,797
274,sean74@hotmail.com,pbkdf2:sha256:260000$zGLxpjrtUjbzWniS$f88fdccc21a319dcf8938ef79913e8fdffd37c777a9df6e1f1495e7f0420122f,Beth,Roberts,10
275,patriciaweiss@yahoo.com,pbkdf2:sha256:260000$OEzH5CvA2wDWNxJ6$d56df2caf911f93e33e976783decd6050434c195171889e4008bec38bf5b6bc1,Leah,Flowers,849
276,yoderjohn@gmail.com,pbkdf2:sha256:260000$p4T0ZiMUAhz66C86$b2fba748dff6deab3694208fe788cb63cb62e3ef6dd74ff893aedfc1775f6d12,Kimberly,Parker,322
277,toddnelson@hotmail.com,pbkdf2:sha256:260000$zEwLikp5w89VjzCj$83e7e9805b9d5a4f670bd1b6b7d4851cc0f057a8aff86755cf63ac9ec2d56ae7,Vanessa,Horton,569
278,kerrynelson@yahoo.com,pbkdf2:sha256:260000$Sm6yy0spCrbfnuQe$faad6b53cd563470c1313955d0768752c824b9bdaa38be0bb8959b2e036eca21,Jeffrey,Santiago,485
279,larrynguyen@hotmail.com,pbkdf2:sha256:260000$jW8Mp26znQtwNrAB$e96577512558583323350df32d2b2a66b17807986d50cbde2f3ae0f82d5745a9,Mr.,Jr.,927
280,sarah25@hotmail.com,pbkdf2:sha256:260000$M3EWc4BixTkXzbWg$8feca696720693cd37473b3a47abd31649865b2771c13186023b5796a16233dd,Natasha,Allen,671
281,robertscott@yahoo.com,pbkdf2:sha256:260000$ggzkTaiEs2PN3PfU$c10ea662716686d1b8f5c437d5f43b5652f478ea8818c6c10f51c4e90b665a09,Mrs.,Parker,115
282,stephanie27@gmail.com,pbkdf2:sha256:260000$jIbAUjyc2LEaTJ2e$d02f43037d8bcf18ca2c6699d52227ebca011ffc1b571b82cf3e6bcf7c64a972,Steven,Diaz,894
283,bryancummings@hotmail.com,pbkdf2:sha256:260000$eFyFFdXNSWmnsSS2$593bb8bbd9802824ae0a391c7c44d8366819a46c44925292811bfe3f8e71f930,Sherri,Thomas,901
284,stoutkyle@yahoo.com,pbkdf2:sha256:260000$BlSxqS0KcGoXbamj$7f13deef916dfe4b6e7d3ea111f3f43f090d8a7c4c4fbaea8f0051566cf3c0e6,Samuel,Becker,825
285,smithcraig@yahoo.com,pbkdf2:sha256:260000$6itO9kgSuUWpd4Ax$3516065151ba153722a41ddd1a7fec89286790c562cbef5b50c990de7b2e5edd,Adriana,Anderson,219
286,vprice@gmail.com,pbkdf2:sha256:260000$gIMXIvGAkWAXuFXx$6eaadc973338e329c1c17d2dbfb9f1360f1cc1458279cb7f56c73a42db149303,Ashley,Estrada,614
287,edwardsdonald@yahoo.com,pbkdf2:sha256:260000$01qqFJA4z3vx7i59$b2a6e8a93e40ab6eaf5f31849096c54e03f3e5cbb09b4c869de6956394f25054,Christopher,Goodwin,154
288,davidpeters@gmail.com,pbkdf2:sha256:260000$qpVjorFg2MUYeWpk$0e14b95656cd7bd0e2bbc7b61726342533adc5681079f9936569877364ef9160,Nancy,Chavez,986
289,marieolson@gmail.com,pbkdf2:sha256:260000$Okkt6ecgM0s3tM1I$6c8bfe94857a4e8b16f4bbadc648a7ea25437ef08d56004acc2e90da2d8aecbe,Gary,Erickson,359
290,michaellee@hotmail.com,pbkdf2:sha256:260000$Pr2p6yRXS7y25D05$c243ef97a5f1013b64a9523d75a6d53a37d42ef196cec61bc7d5fdd8769e7c4f,Cynthia,Mathis,246
291,williampetersen@gmail.com,pbkdf2:sha256:260000$Wk2jm2OF27dEP4od$020f1ec5fedb696ef7a3caa1c64946e0e38b693df654f6725c40dd5ea6de1591,Todd,Curtis,927
292,valerie82@hotmail.com,pbkdf2:sha256:260000$rFxj0P0pDkkaIrpb$517b7e27250c5f452e19c9e20ccd007e2f5cb8b90a4f004f48bb908a6b92072a,Matthew,Walker,801
293,sloanmarc@yahoo.com,pbkdf2:sha256:260000$ww6B9ysRerc5OVD9$6741e7bcb5a2736ae6c82270b2c6eebec79f6652c1af6912cfa7cfe31aac58f7,Mark,Harris,270
294,sbishop@yahoo.com,pbkdf2:sha256:260000$V2NJ0ATioHHhoer5$7bf0b72adb6a89594335fad4c81b5a89b207b3dcb0f3a28d21a16cee65597a6d,Susan,Williams,237
295,kathrynraymond@yahoo.com,pbkdf2:sha256:260000$PBsj1RjqI2NH03lB$a3db8ed7c1a0dcdd5c939c452d3c5bfc2fc4cc9300539ed1dac87b6342a46794,Kelly,Pierce,757
296,michael91@gmail.com,pbkdf2:sha256:260000$MmDLAvbiyLUMRRJd$701e0c71d671cdefd3fd60d264ef080c50f9531fef04476df2ce4b4ce7dd7e16,Janice,Meza,594
297,ivaughn@hotmail.com,pbkdf2:sha256:260000$fb4I9lSCbWI7PTG4$9fcf62ff0091a5233e32cb5e7a3b7988867551a5cac150e3a395f134e724a5d8,Joseph,Villarreal,7
298,paul69@yahoo.com,pbkdf2:sha256:260000$n6O3zTIETCl45as9$ae94a49bb1b023a394acf55556961905e3dc7aa9198312b675219ab951565726,Stephen,Hammond,372
299,ochapman@yahoo.com,pbkdf2:sha256:260000$CfIYZEGHpgEFmxsZ$2dfa8e3c8e23bfaa556c82702bc00bac3a26a5a442cfee03c392ea755c21643a,Michael,Hardy,783
