0,tamaramorrison@hotmail.com,pbkdf2:sha256:260000$gBM8zzdWEXiEDTRv$af46c9c2522d2fd07f3dd506fecbfcb4b763ced63500681a4861902000affd21,Gary,Cross,741
1,martha10@hotmail.com,pbkdf2:sha256:260000$diC5PoIqDxAzPAed$6b58065e76a2742392e98d489cba796c7335838a9faf5cea7394117b0bf32498,Denise,Thornton,326
2,deborah64@gmail.com,pbkdf2:sha256:260000$wvzd1YDJEhF8UQIr$b5b45f305770872793eb71a73f87980560e0422282c64a4abec017f34237a820,Jeanne,Green,165
3,franklinjames@yahoo.com,pbkdf2:sha256:260000$YmXaMQBLWR1nZzqr$ffb686e7ef30b27a0190b7e056d368f477a5435487ea2a3b024fbfb77c597082,John,Hoffman,990
4,samanthasims@yahoo.com,pbkdf2:sha256:260000$lDmrBB3RbWmAt6cV$c66202f65347438cc16890f30483dd8dcb35f791bef87c0553f883231f9a7d89,Timothy,Parker,483
5,taguilar@hotmail.com,pbkdf2:sha256:260000$Q4NQtHuwybeRbmK9$a29dd9abf90cbdc210d1fed202717bed14c1ad08f0c80eee0e57b0480a32f6a7,Linda,Freeman,553
6,georgedavid@yahoo.com,pbkdf2:sha256:260000$mtmCUR2ubtcip8jQ$515c2dca50183886b4fad2b7df02b01228e777cc4d1453ce05d25cbd2a6924a5,Sandra,Brown,497
7,chad50@yahoo.com,pbkdf2:sha256:260000$ZGAfe3DIl0vLaiUG$5bfd9795a29e64e08e2a58a834864f984338b72a08cf8823fb12975636a6e77a,Paula,Wilkerson,11
8,jyang@hotmail.com,pbkdf2:sha256:260000$4W15JQPVI7YuDs4M$ad640f08ab174276662389e14c0f6e723ef3c88e8ac57d822e77bf6a3e844bfa,Willie,Garcia,98
9,bramirez@gmail.com,pbkdf2:sha256:260000$DVCY9kqDihOcvv5g$d0741fdbc287bd5a2d04948cec8be0bf11e896e9e006a520b0313b844e3ebae1,Michael,Montgomery,504
10,kellypeter@gmail.com,pbkdf2:sha256:260000$ln9pnrbZ3tigkfBz$4120f6c37bb11886aa8dfdc21714c4314d16634d12ea6851f9567c5beacd49ed,Melissa,James,190
11,tarasanders@gmail.com,pbkdf2:sha256:260000$EvQz2WxX914kWA7i$78761584a31d7bcd0323dfd624a5529bafde9c6552dd653a5aea222220d747e9,Lisa,Bush,87
12,virginia18@yahoo.com,pbkdf2:sha256:260000$x9B2iutIul7MKna7$a19488a4053f0eaab31f2efe8c7f3c7a7cc7531085204c5b0667d8b4d24ecdca,Bruce,Miller,567
13,jensenanthony@hotmail.com,pbkdf2:sha256:260000$ZbF0MGoTGDynfpqT$92581401a823ec7add4f4a99438778255af0add42e0a7b81483cf6f6c8d8df43,Mark,Burnett,658
14,kmalone@gmail.com,pbkdf2:sha256:260000$9hPMVeWFNGVFDcOT$f4e175cfe54fc7413d00f20fdd89b75785d9fa1f9f308b70cc354e3b04e9d38a,Courtney,Valdez,928
15,kingerin@hotmail.com,pbkdf2:sha256:260000$ozV0DLV0DVoa5uPJ$fdedfca476222a28331429768293555b3f0c5d7afcb308d00a281778e12bcc19,Henry,Moss,661
16,meganbrady@gmail.com,pbkdf2:sha256:260000$HQgp5J0hVO1yB9gs$2a6071f51a3a5e519425ec8950595c4dac6f8cccd6b60b520e90be6b83e6e3fa,Amy,Fowler,885
17,kgomez@gmail.com,pbkdf2:sha256:260000$ecnLb2lxZiSbvKjm$1b29d4a9f35495bd1adcdf5a39bbf606f7e87f8c12e6651701b35e8b3d3d7814,Tammy,Reilly,819
18,thomaspeters@hotmail.com,pbkdf2:sha256:260000$SIQYygPG2A43EKcg$46df67df37866d884dd87b3204a6851c8595cfb2f4a5966ad5364a7838d5d80a,Robin,Harris,245
19,susan06@yahoo.com,pbkdf2:sha256:260000$b1QXD0S4Oe8mFKff$78e722745e1120adc90e56b7811b0a87c681636f60d13907f6b483fcf5e7bf8b,Jared,Vaughn,1
20,william86@gmail.com,pbkdf2:sha256:260000$OCbXCgkhAiTPiZ9f$465d60fcfb1301bc9df979dbc1904ae2defd17bf14c40ccd450435f193097acd,Lauren,Mcdaniel,502
21,michaelanderson@hotmail.com,pbkdf2:sha256:260000$bcJew1I4wzhScI8U$2e999b0a678ee125e9956c99bc9d5d712b2a5c860372a1102d75444f4b29f113,Brian,Richardson,219
22,deleonwilliam@gmail.com,pbkdf2:sha256:260000$ksKzludHuLVn3wjp$ddfe5421fb0efd88ed63c6f9ea233ea0c5e5ba50d6c8b3f2796bdc1b4d44ace9,Maria,Harris,947
23,joshua07@yahoo.com,pbkdf2:sha256:260000$DjXDibTPWOwNqdoU$16fdc4c0bcdbbf1e6c39da944c2de6807f40ce640c757b864e3df3192a93f2ca,Heather,Davis,583
24,leonardsutton@gmail.com,pbkdf2:sha256:260000$mOb7MPMsfMsPirQx$dc7f28ebea167d4da7f6a8e0347cb388d135caf102e69d26ab9d0193c4eb3f7d,Patrick,Spears,525
25,hromero@hotmail.com,pbkdf2:sha256:260000$f9h648y4MQ9vIrf1$a8e424886e13347143e08f0b6fd9ffc8c6533277aa4881a462f4d9e9ce2ba38f,Debra,Aguilar,726
26,angela30@gmail.com,pbkdf2:sha256:260000$T8iKmzzl0pkoTmYr$5d46a32310497cd6a6beed25759bdd4452c6ce155d6b2d6f4b564f0cc8dae295,Cody,Crawford,472
27,ygraham@hotmail.com,pbkdf2:sha256:260000$spXsPprwbvDKixkg$245fb7bf2a571829cd0d0424f6c7314673c95e3caff9c244891d3620532d2f0a,Cynthia,Faulkner,284
28,millerlori@yahoo.com,pbkdf2:sha256:260000$VcqfKynIb7xj853j$794ad35f927d63658f74910d84da72a197b7df052a7e5f35938326215927372f,Kelly,Casey,331
29,pmartinez@yahoo.com,pbkdf2:sha256:260000$t61E8TvxbpthovT3$9efabdd3828e5bf2a0d7a94b2e33a8420d1af7f5a908e1cb8366913cac521fbb,Thomas,Patel,475
30,stafforderic@gmail.com,pbkdf2:sha256:260000$4MnJZW6xxwCjLokF$7f36229c91c7c961384181d5fe8255a6d48c7a6450bb7950291a475cef1dc136,Johnny,Martinez,143
31,smithsabrina@gmail.com,pbkdf2:sha256:260000$28Sgcg1KjzPbNs6Y$ca452addcbc099d2b552f68050f949678f6f6c68b25700aad5675f9c9789aec7,David,Turner,763
32,rmiranda@hotmail.com,pbkdf2:sha256:260000$NihLVMWOgvKhfovQ$7b81a840e2558bcadd8275c8e2229a058f39891c9f00021f2e92bbdd5360365b,Evelyn,Hendricks,64
33,millersamuel@yahoo.com,pbkdf2:sha256:260000$Qv3CXIj7UCvzspng$69091ff2aba246a2b49b1905ec910a95cfd10cada447eb54cde154e0fa7ebcc8,Paula,Walter,795
34,cherylstewart@yahoo.com,pbkdf2:sha256:260000$1MCtbrOyrnyjhj4i$673290ed73c0b0d7425418afbb99a0ee102f400323a31c09fd3b80f951ad7e7f,Derrick,Webb,420
35,santanajimmy@gmail.com,pbkdf2:sha256:260000$ML8Wep5YGyf010Cp$a1179b3efa5904135c801a3191dbcf10d3976ea9a0a9d56ad7dacbb5b98acd30,Patrick,Graves,848
36,stephenbeck@yahoo.com,pbkdf2:sha256:260000$L49pyRRdsQPxKoJj$73a85c5443f0b6faa77e8769cee7738407bd6873481569123be27508e4bb6448,Leah,Bell,733
37,palmercassandra@hotmail.com,pbkdf2:sha256:260000$cc4GGfijiOSRrJdk$fe39f3d876197585d2140653e03f35bbe542a1d43b8dca090b2fb9fa1bce5c8b,Dalton,Fritz,59
38,alisongreer@yahoo.com,pbkdf2:sha256:260000$xKXjCAHv1K5AiWXd$dea7557538db256aba83b90bc6784f8bfe7a0981bb6669bb091f5aff35fd15b3,Madeline,Stevenson,158
39,jasondavis@hotmail.com,pbkdf2:sha256:260000$Ju6qOY4pyVZzh9uh$bb2611fa55268404bf0f5ea3616f1e9a71fc6dcd3279e86a182baa87cf0c51e2,Valerie,Charles,722
40,markchan@gmail.com,pbkdf2:sha256:260000$pFw5TR5n6bsA9j9l$0e7fdb6889335d5ff8b6dd6077f280d8192eea57b0a563c9b569df775fd4b58c,James,Scott,49
41,castroallen@gmail.com,pbkdf2:sha256:260000$V9J5QSUyT0Ue7f3s$37b46bfd0fd3ac15296740e1b1ed894038d03b943a0ca560173b26ec609bb2f0,Jennifer,Garcia,61
42,caleb01@yahoo.com,pbkdf2:sha256:260000$B69lqAZjlbPeylwM$2baac6460ac8a03a41d263f27809290aad3593c72c1cb67d94ae340160c00c1d,Keith,Jones,648
43,guerrerothomas@hotmail.com,pbkdf2:sha256:260000$EcISYWenNA6ocfTq$131388a244bff5d72b2c1edbbf0bc2ec96959440a136ca16efea703ad382c6ef,Lori,Moore,387
44,allison58@hotmail.com,pbkdf2:sha256:260000$OfRZ96tNoOHjUPEW$512fcdb5fe9c2a952a7adaaaeb659bc490317a84c1678550f928a4c821ec2823,Ariel,Freeman,546
45,jeremy24@yahoo.com,pbkdf2:sha256:260000$yAjMsJMv6ek9tvSl$0c7ebdd2a0fec1224d24deac08f6c97fb3f783d0f8cda4255802c1fded379ae5,Randy,Bernard,793
46,johnny46@hotmail.com,pbkdf2:sha256:260000$27X88AlhjTXGjqLU$fcaad00e08bf6f54bf8ffc332987da071f7a2ab7d92ed12787efa4b222e660b6,Timothy,Kerr,211
47,james07@yahoo.com,pbkdf2:sha256:260000$AyDfCZ2qTcqEKn5W$f0affc9431605e5688a10eeb845df913c193c58003a4c7cc04944151a9133cc8,William,Crawford,289
48,marquezpaula@hotmail.com,pbkdf2:sha256:260000$Al7IPaYw0ZQqAEES$4de13fe5abd8ee1d79756e76729febad194a4c365b2f7b7025c5523e38a4f1c2,Jonathan,Davis,947
49,josephmason@hotmail.com,pbkdf2:sha256:260000$RDx9rF4PkD6xSRuq$0958a1d9ac485e97e4571bb7ace073bb7c5f4b40b18b2f74a1a1e80751d4e8d0,Kathryn,Noble,695
50,richard56@yahoo.com,pbkdf2:sha256:260000$1TAPkfflr11o0ZBu$e19490bb07dcc8a7d7d5f341b2b426855c87138231c689c47fc52188d9e92bc8,Daniel,Cortez,409
51,fosterbryan@yahoo.com,pbkdf2:sha256:260000$bCYqdBVJRW7BKqSP$5a5920529c0295d2434842784b5e5ac6131e653a83ee9d475028e7ed57ee589d,Kenneth,Boyd,571
52,anthonyvincent@yahoo.com,pbkdf2:sha256:260000$5V5EMm00xKW8NtaI$abfc4b80b27376924b7c991cfa6490fe00cf6fec42dcb9704ce1964991dbb891,Renee,Moore,836
53,sawyersamuel@yahoo.com,pbkdf2:sha256:260000$niTlKHujlW0wVNsp$e41090d31fa5276dd30ef8bc186e8f20a9960a41485c5045aef7cd6c23b3a99b,Alyssa,Farley,586
54,gstone@yahoo.com,pbkdf2:sha256:260000$ozt5nTM729EAtq4n$2919f4978b962609a5b4cd197cedacd51afdd19ee986bf44f934e5f96481b9ce,Alexis,Williams,313
55,kevinflores@gmail.com,pbkdf2:sha256:260000$cGC1UvjbIqQZDRg7$30ff448cdab269b7935c834c863eea6e3d639ecc84268d82e6bba4f7f6d62a51,Jasmine,Castro,901
56,gordon43@hotmail.com,pbkdf2:sha256:260000$0TmTs802aH5XAwb9$2edd51ee1a419fc60182ce5dc3e4a927f1e256322139fdc6d9bd92e95b9fd8ad,Joseph,Williams,376
57,kennethwashington@gmail.com,pbkdf2:sha256:260000$mwRXjatSLs6Zd2mm$1c90fcf1e02f01c083a46734dc74404deb40b6fcc2d737e54fe4484aa82fc8ba,Jennifer,Marsh,909
58,hamiltonchristopher@gmail.com,pbkdf2:sha256:260000$90YKliDyylHycEg4$7defb2f0e574c71f9102076e580dd8e41441106e2cf6f5b148ce30c7919e7de1,Anne,Michael,784
59,nsmith@hotmail.com,pbkdf2:sha256:260000$wsWHSYT0WV4n7lp7$9676dc762345dfa8531bc0779bb5735e11a5a6404a69840cbba923f2598d1f5e,Joshua,Duke,73
60,jennaarnold@yahoo.com,pbkdf2:sha256:260000$wrqD6nJomy6V92Hm$6d00c66f187bfd3e965ff0291d8eac3001f581cdaa27b5054b333ea2d53f7344,Susan,Turner,656
61,scottzimmerman@hotmail.com,pbkdf2:sha256:260000$AWvLvMxGIyV9Y6O2$7c4fd4620a78385b5ce3ee2836ddb20896e62f5decc52443dba0713057be4dd5,Julie,Dominguez,93
62,bonnie89@gmail.com,pbkdf2:sha256:260000$gusd4cZrf0kKSSu0$757e7631bdb97fb8e7ad9b7bdc2c9199a505b5dc5cb685d01894caf9db8623df,Dwayne,Osborne,602
63,cindy30@gmail.com,pbkdf2:sha256:260000$vCofhu1psBFaYl3X$3361690eaf2e1fca2f16c89ecec54c69b542d66ba4ce505950f9e7efee29d845,Antonio,Thompson,259
64,qhenderson@gmail.com,pbkdf2:sha256:260000$XcKGZKfh6KerCN2T$1cdad29d5d5f75521fe5a238ad43233479c47634662e7d4537c09d9724dd9b34,Yolanda,King,157
65,nancyturner@hotmail.com,pbkdf2:sha256:260000$mqF1VS4R3GE1KBVd$cf48c07f4647af90e85f13634bd76433d9a4a27a2d0ed7ffba74eb704c8c280c,Richard,Woodward,253
66,bradley51@hotmail.com,pbkdf2:sha256:260000$8jEEDUfB7gtx7sSk$32c88826b4ef167f8bde9717a6ab2e2f11b33acb18a79b349b8b53d32367251a,Jeremy,Costa,643
67,matthewpetersen@hotmail.com,pbkdf2:sha256:260000$ubK4ZlwGVPHSKkAl$99df09a98eea97e6caabe5e38c0b0c653f4e2f3aa274ca433807d2fcf6a44909,Robert,Dunn,120
68,uhill@hotmail.com,pbkdf2:sha256:260000$3tIC38aN3RzpaSTU$49dba7ce3fb28d5206b7d017926724c6b33073b06f66ec69b048aa1edef49194,Tonya,Andersen,44
69,lisa79@yahoo.com,pbkdf2:sha256:260000$jRXnUlfLWfLtlW4R$534a77f9307341c0fd6c3736f7b9115d087201900e21e678ac7140a7ed22c2db,Stephen,Bernard,361
70,richardsonjerry@yahoo.com,pbkdf2:sha256:260000$eWSQ9BdT4xuu2C8Z$c00d20293e15e6925a79beca1b2dd6f4d75eac64673c896903e7817faeda01ca,Amanda,Gonzalez,805
71,jmcmahon@gmail.com,pbkdf2:sha256:260000$EelHcSezFgLGmy3M$ebbc4f77386ae20b55e62a1e416782270b44cab684958b86ec30a2a842ce4da8,Jimmy,Walker,603
72,wrightkaylee@hotmail.com,pbkdf2:sha256:260000$5oIGKvqhAIlfIaCy$14f98035c8301558e58354457f3e132e6ce7f3540ef2cc827f108f637b051791,Austin,Holland,428
73,danielbernard@gmail.com,pbkdf2:sha256:260000$N8zq9gZjhIXkjFem$9fac4714efc46ec542fca77380b3ff7f338f5100e7d938431715196e2fc56bcd,Molly,Fuller,492
74,wbrown@gmail.com,pbkdf2:sha256:260000$HI876LkDPetCqjs6$62233e81b308a88ce67acfe7a310b5f44bf296c54f6a6c50049049dc1cd7e91c,Doris,Kaiser,920
75,ofernandez@yahoo.com,pbkdf2:sha256:260000$FgQehkwL409yFi3R$2c2f241074fda8b1030c061631fd6c3a1db2a351140832cb3d85d0913b2e64d4,Tyler,Curtis,385
76,conradthomas@yahoo.com,pbkdf2:sha256:260000$jrgMstYwkWRGcbDz$86776b390f058f8cf0824f1728a99c7ae7e54264467008cc59f3a0960e9b2029,Angela,Tucker,268
77,savannahsoto@hotmail.com,pbkdf2:sha256:260000$4MgRRsWYVvsCsXWN$6bc85d9e1e05cef078a9b9660672e6f8772b0114283c290f81c708fdce983fc6,Robert,Gould,822
78,debra49@yahoo.com,pbkdf2:sha256:260000$2lGk3mJ4binIz8xr$b8be7475d827b8472ac088718e2ba69a73c60c405927f2da6c01b5ff76673e0d,Cody,Morris,738
79,edward63@gmail.com,pbkdf2:sha256:260000$m0UG5XJHHAXwWEXv$555543e64cdbfc5a16b0ac178bd39d7837fb4c3d9d2649531e96c342b90ee567,Valerie,Jacobs,394
80,deborah77@gmail.com,pbkdf2:sha256:260000$plKtUyKLHXJj9MN4$50cbb2eb07c123047272cd599943d0223f0e9fcba1138d173227ab2c595c25b1,Deanna,Holt,246
81,opoole@hotmail.com,pbkdf2:sha256:260000$jahUyzXpxsSOjNY0$d439fdb5a1e1f69a35104327301993f18cc12553791fd597411726e5f1613e2e,Larry,Palmer,335
82,dwells@hotmail.com,pbkdf2:sha256:260000$CImLeSwO791XRXlA$ab907a18a87db942d023cb9caabf73636ca64eaf8a7108c6144ca6662f3e94d1,Kristina,Higgins,1
83,qstephenson@hotmail.com,pbkdf2:sha256:260000$zDwHUa6J8ENPTYyj$3ce1ee1fd1e446ba6169d9cb0baab3ad7c09952614bddd70380fc99b08cc21df,Shawn,Matthews,767
84,jeffreysmith@gmail.com,pbkdf2:sha256:260000$qp9Zbkb4u810ChL7$7b77129e1d09151768f241acae6fe90c7959a1e2edde0a5faae6320f6ea70833,Samantha,Parrish,261
85,marydaniel@yahoo.com,pbkdf2:sha256:260000$HEN9HEsRTXy5cYgg$bdd468b31bb5a133399fc12ed5acae1e449f532f3aaea35088b13d6001803736,Tonya,Jacobs,300
86,jerrybrooks@hotmail.com,pbkdf2:sha256:260000$Afw5bTkmINHNILBv$64f5a6c86828c8500457335a2b5bcfb76d55a3cf9a46e76b6af8dacff91d5ba8,John,Beck,59
87,mcbridemary@gmail.com,pbkdf2:sha256:260000$uxPFJu2gRVgYJ9bo$728359ea27387b05a8157f0bba964c32b14211550aa9ac861d47a9086d640592,Laurie,Underwood,893
88,ycolon@yahoo.com,pbkdf2:sha256:260000$ee8ysg0xzeFimWqQ$fb5a78dae4fad61b42d4cffc73d23e7bd4a313ef20c1b3aa3867065254dbaa52,Linda,Orozco,751
89,michael74@yahoo.com,pbkdf2:sha256:260000$AHD6qKW407LcqJWo$0f869811e8f6fa19ce9b6c7b6614fd04295eb9d7132f3b991fdd5280092dffa9,Kimberly,Park,304
90,dillonwest@yahoo.com,pbkdf2:sha256:260000$kncca3kaxWUmtw15$f1f5123ff28b3d760204ab4c22aa3a506309ae8660c9f3872f7ba82129868930,Cynthia,Lyons,399
91,sarabender@hotmail.com,pbkdf2:sha256:260000$ib4pqAysj9H1hFdt$9ae350da4dfde43ef7a27b01621262e6a9f09da6b688f262651ee36998ea6e39,Daniel,Hall,436
92,jeremy83@hotmail.com,pbkdf2:sha256:260000$uizSilVA6bNBSrBQ$5b96d2a29e97b6853400d314c34e52d910394a54cb57c6e2e82979a91dd7139c,Spencer,Duncan,592
93,jonathan73@yahoo.com,pbkdf2:sha256:260000$JhrrmFregUpOwLYm$2ee40f83d5993758dadfe2c690d507b066f7e46133d7e8239fb0ff789e5c1540,Cheryl,Acosta,315
94,alexandramitchell@gmail.com,pbkdf2:sha256:260000$PIRBWYb2dLocLsRj$aecf198478c9c7ec17b614087952bf8677362feef2bb1869a83e40d485a04c6f,Matthew,DDS,982
95,mathew17@hotmail.com,pbkdf2:sha256:260000$zTFRaFG0KOFpCchC$b64ddfaf6c9346ef9a6f3424323a654882c484038c62797fc4a5c065eb4aaf3e,Angela,Peterson,255
96,pgriffin@yahoo.com,pbkdf2:sha256:260000$N6kp9QguKnQEzuxz$b85c5826cbcd55e9e9a78e32c77b73d82510077b32e2a33489f5d429d5a0fff7,Adrienne,Friedman,862
97,kennethwilliams@gmail.com,pbkdf2:sha256:260000$gj7bvsGYKztpUvsw$24d6dbb0575236aaa90a7003177d2067e6855e130d04b9b0f8e95b9b92f62701,Donald,Thompson,559
98,shawnharris@gmail.com,pbkdf2:sha256:260000$PxI55WdQEuWjQAgi$1257baa071dbff9b0ca743812970eca647c7e6207583575b23775e68d148aca9,Bryan,Scott,936
99,danieltucker@hotmail.com,pbkdf2:sha256:260000$orykqk8y5NVkAKZY$b051301fcea3786653622b1d15c3028bfe4137bd20dbbd8e1008e8f5e229c32d,Jessica,Miller,565
100,timosborne@hotmail.com,pbkdf2:sha256:260000$UWJ62sfRYJQAf8jE$9c6ec9c12bbca4ad89ec16c4888b3966fa5eabaf420f2f1e6a9ba9fa5a50c3f4,Samantha,Taylor,822
101,brian98@hotmail.com,pbkdf2:sha256:260000$YADWXWeFuwAIbitY$a81fad574f562a235ff9f0993ecceaf1d9fe0dbc566187fcb02f5dcd11e019ec,Samantha,Washington,63
102,williamsmichelle@yahoo.com,pbkdf2:sha256:260000$EKcWv0BGBy0LfaMp$4a6a9b40ed1b0165aeee9b22f0399759a38bcecf9762a2fcdcb1edffac6a1055,Heather,Wright,260
103,amber45@gmail.com,pbkdf2:sha256:260000$lOAOvpP8SV67fSr2$b9b013078921b62fae959394ae6582ac5a602815e85f8d013c479f58aabb6d99,Kimberly,Gardner,761
104,clarkmichael@hotmail.com,pbkdf2:sha256:260000$kV4xk6DdVqdtwtTs$12169512c486076b3b7f4881df1bd3214d6b238cc85920c48b2db4658692e641,Kevin,Holloway,427
105,clarkcameron@yahoo.com,pbkdf2:sha256:260000$3JPCQt0wry4ZRMHN$b185d81efd0f7ec3261b34c73f1771b33bb0a92333f477781f991641dc44edcd,Kara,Edwards,442
106,shelleybird@hotmail.com,pbkdf2:sha256:260000$mcQWGTkMFwjHMQnH$a8d9af5d9da65d623533886d0baffc4fd7cdc2010a2e9b420dc43bdf1687bc57,Scott,Martinez,618
107,dickersonvanessa@gmail.com,pbkdf2:sha256:260000$COyg9XIhjl5CggfB$9105204f6576d191be48df55b4cbc9bef6dad0e7436a10cb3e43de4373cfcbdc,Stephanie,Montgomery,391
108,rbuchanan@yahoo.com,pbkdf2:sha256:260000$aGQAts8AFfLJu2qi$ca2278bbd87243c3f833e119f27a638315beb17930ad968a9fb93eecf02e75c3,James,Gray,798
109,kurtellis@yahoo.com,pbkdf2:sha256:260000$7sCxxbHJjYjLPXZl$6b7131a55e022f6561726d01a2da98375d767973917fb6a51f50c49065f1d679,Andrew,Mcdonald,780
110,thomasjames@hotmail.com,pbkdf2:sha256:260000$6HGk3mzfdzHtA0s8$d8b0e00bbfc847b97cc689988bc4d1b5b192b14dfcb105c93966fd2def93add4,Chelsea,Potter,192
111,vdavis@gmail.com,pbkdf2:sha256:260000$SDY1PkemytzVyrJC$68cf686f924e413ccfbfecf6c67a5c200dee8f61db7d34684b522fec8c63d77a,Vanessa,Wright,95
112,toddgonzalez@gmail.com,pbkdf2:sha256:260000$e0RAYDwoUaKclJnm$fe309285a3c7e01d2eb2e453dc0d8d732e4e733af0591df55baf9ae8e9191960,Jeffrey,Robles,499
113,jcarter@hotmail.com,pbkdf2:sha256:260000$l1NktHmneBPRTNFj$be58f61b579c0b23f56e233eaa1e108714404854802595f7a7ad07b9a08fe354,William,Delacruz,644
114,theresa27@hotmail.com,pbkdf2:sha256:260000$f7FeDqmGwRpjjvD8$5421d845d30c62884211efde7f5706335c8bdcf816929871db53459a4a8cfe85,Nathan,Perez,727
115,sstanley@hotmail.com,pbkdf2:sha256:260000$UNGxjAiyZicOV5sQ$465e8b07f36846cdb77eb6170aaec2748523450e39a846f6b7b2ece73e4ead7d,Krista,Allen,941
116,howardgregory@yahoo.com,pbkdf2:sha256:260000$wJYpTfZ7OZhPR8bC$cf7f22486ee3db9b3cbed13ab672277f9155a046b0a77f7dab1ffebb8726af7e,Holly,Jones,190
117,kylesutton@hotmail.com,pbkdf2:sha256:260000$FkYrzYUlKXKVoNfg$d6ee6fbcd44b4270757e0b375513d25cfeb5bd292af40d2bc1193339eecf6a78,Brandon,Smith,832
118,heatherjennings@gmail.com,pbkdf2:sha256:260000$wOphpp2dXDz61QBj$6673f6e1d7e7e25782a448b3fddd84dc027a670166a018722339a5ba995d818b,Michael,Murray,298
119,amber59@gmail.com,pbkdf2:sha256:260000$0eshpIMfT4ltietg$de24475444faffcd3afbb042374f24798f5d8fbed8dd33be260d6770db95c399,Janet,Tran,35
120,wheelersherry@gmail.com,pbkdf2:sha256:260000$naSQ8FonmXP2Tmhe$26d80eb01449a578a86ada4a9c0affb15403e0828626bfba755eeeb48e1cb854,Dr.,Bailey,672
121,torresjoseph@yahoo.com,pbkdf2:sha256:260000$t1Je8aq54Yv8i4QZ$479c2343d2dec18f2fd45bf420811eb0db2da1f241dbecec916ca90c7a21d390,Mary,Simmons,300
122,phicks@yahoo.com,pbkdf2:sha256:260000$RL6FKtKXXWciXPAS$5ef792ef2a304ecdefdd87e0c1407f9bf27344f0a7c742f23898874b650749ca,James,Martinez,936
123,rwebb@gmail.com,pbkdf2:sha256:260000$XjlDb75ofRtaP9z9$793b36576fc3a419105d200401d7925a8207efba0d0df147b4b67f592537a42d,Patricia,Wright,84
124,jaclyn81@hotmail.com,pbkdf2:sha256:260000$Bnud7UEzwiHSApBf$2b8b090fa0c6751ae370c4e19a7f6afff8d301df405e5f5b6ded0f9cac169868,Jamie,Harris,669
125,fclark@gmail.com,pbkdf2:sha256:260000$S5Gt7LmirPVcMSxS$515609fd08a97b4118233ec89e557ec122f7a06db6d2057a279aadb4f64b1d0a,James,Stark,200
126,qjoseph@gmail.com,pbkdf2:sha256:260000$PJroNXm7maKCv7Sr$f207b369acf0e3a9695dbf50dde04c9761a4c2607ed0c9f66dd43a77fec4ecef,Barry,Rose,21
127,christopher02@gmail.com,pbkdf2:sha256:260000$l1VeWPQOcW5EOlr5$8f627fa6d1bab0421fbf858903019d17aa583335e5d3b9307a2cad77330a0176,Nathaniel,White,644
128,robert93@yahoo.com,pbkdf2:sha256:260000$aj4qfVNrLTQHR9ec$b3ba08a6d34c2fd758a0d62590ecb4ec6f09dd89c4c9a883fb176240e4173b39,Phillip,Vasquez,449
129,jmoore@hotmail.com,pbkdf2:sha256:260000$0D2IxUPGWd1FO0X3$dfcdb5914ed6f697f0689da38a8f2092cd5fecf4d719672d8bc12465264b7196,Kenneth,Patrick,347
130,sherri51@yahoo.com,pbkdf2:sha256:260000$fkC3usypU4Y8gxa7$5eba846358a826ddc0a0f66e6e1797c018a42da6b0deec4105c6117ab3b6e790,Cassandra,Smith,228
131,beckyglenn@yahoo.com,pbkdf2:sha256:260000$73n6wMP6uAeeNTKk$dd8f8b86086fb38c2ca37e437a7b81bb1a7b8c87cc199a23586ed73bb3454528,Nathan,Bond,429
132,omargarcia@yahoo.com,pbkdf2:sha256:260000$yobmumHCImFItowH$9a200619d9546f1250e994f6294494132ac059a1d49cb242b11ed67b8f372ac0,Courtney,Jones,458
133,smithjacqueline@yahoo.com,pbkdf2:sha256:260000$j36MTkNuE0Tf7x4Y$bdffe592ad58832cae9c9ff30a7709cae565a700925b1b4bb1dc57b8fe7c85fc,Emily,Miller,460
134,pwright@yahoo.com,pbkdf2:sha256:260000$h5NMCCUlrQscSU4q$d50b07f4b1044924eea079c0ba71ca1341a9e871871b552952035ca84500a377,Brandon,Thomas,412
135,julie32@gmail.com,pbkdf2:sha256:260000$ONq9sREJYcC3aY1X$b3493b32d71af276b295df7b7843b56e01772df314a1f936b21e99ba4aa222d1,Tyler,Howard,710
136,moorerichard@gmail.com,pbkdf2:sha256:260000$QxpcSg5uMsl7cLh8$e551d18692890153cdcae9b5b9ee47c0e43041aab5698b1b28bc24992d7ade13,Shirley,Peterson,451
137,qsimpson@yahoo.com,pbkdf2:sha256:260000$dgd2ibdHIuWzAUEy$7a0bf90a3d48f008defb9debb9076014d7ee8050e1f5556cf688c3541d749b25,Henry,Smith,331
138,justinhorn@yahoo.com,pbkdf2:sha256:260000$xxR6GDHRxMwf9gEv$f145c2d5dded862fddf3bcebdf8cd322cfc6a2f6a2792a86ed290f99d574a5d7,Richard,Chan,989
139,falexander@yahoo.com,pbkdf2:sha256:260000$HdUCuDmKPGXKoUVw$be4d3a99d359b1371231cc592a77b5c9409efba8c8377c6899fb378a41dbb628,Kaitlyn,Jones,241
140,hdavis@hotmail.com,pbkdf2:sha256:260000$C4jtGZk5JtbiQrnD$0a7153d29772dae7235b805be177efdf7341c7f41bd05a708da4cfccc75e93fb,James,Yu,133
141,browndawn@yahoo.com,pbkdf2:sha256:260000$so2entN1FAmqFBHH$0093764f2a68932bba4ee09154633c1e49ed1db422194591151961d2d58bb272,Courtney,Curtis,357
142,lwilson@gmail.com,pbkdf2:sha256:260000$5KxYpYBToGXXDigR$2ad97c18aba2e5f0d6b4fe4ae9ffb7a2399db5b5c9d0d5e82238f97aa356f60b,Cheryl,Jones,693
143,rachael67@gmail.com,pbkdf2:sha256:260000$x60Ev3QLdlTk37Io$96c146991c1906005f98399bd9b563d569e112df6a484bac3ef0f29425caa269,Carla,Smith,935
144,jamesmcbride@gmail.com,pbkdf2:sha256:260000$l9INIwDUR8luBpQo$59db8ca0c5bbe73c2697effb5c49e89b97037fd09f44bbeaaf27f7f491efc9d6,Sarah,Keller,146
145,fgraham@hotmail.com,pbkdf2:sha256:260000$hKYHdR55QSnsC9W0$59aa0dd448eb4cb70fa0ca74cd8726b6d528423217be436a03861c1bc375fdc2,Willie,Owens,895
146,ethan15@hotmail.com,pbkdf2:sha256:260000$EC1CGgRsTDMQ8xFS$9265741995304141b6f7ebbafe4adfe35c95590d4a5139f10d820abff8eede65,Luke,Romero,162
147,harveyrhonda@hotmail.com,pbkdf2:sha256:260000$tCaWQhLqaYnEJOts$09bfa7070580cd0aff4d9013e68d4a89933f7f33561ff37fdbfcf6d9d2b8fa42,Jessica,Chang,638
148,johnvalencia@yahoo.com,pbkdf2:sha256:260000$XD17QsTdTYkm2Tlu$72f6937828b1c7fc0a88d345514d361a1bc82fe44c4eed4fd53fdaa553fa9f2b,James,Patterson,578
149,daniel36@hotmail.com,pbkdf2:sha256:260000$LCWrneiu2IPkUfbu$6b73310f0c97049a0deab4efb40ac09643cd668109a724861b7bc44c59061c23,Jeremy,Johnson,760
150,hollandpatricia@hotmail.com,pbkdf2:sha256:260000$3F7vd5NOS4xR40fY$12e7fa91db1d2abbe61dd92a90f8e9c637c73afa4a4976c7ac2a6dfc380b3a3d,Cynthia,Kennedy,182
151,wrightrobert@hotmail.com,pbkdf2:sha256:260000$Wuqz0LdzXJoIitTc$8ff138237e04bb7c9b71595861cf9498613772ea421df06f1241fc9b06f4f91d,Bobby,Berry,190
152,lisawilson@gmail.com,pbkdf2:sha256:260000$Q6Qq0tHUOsDJYwB3$3868cb47affd6bab5b5234f38845be3408306c9b4998674ea935d417e5a13028,Logan,Clarke,955
153,sandracallahan@yahoo.com,pbkdf2:sha256:260000$lAdsYdOgIMrvgYpu$fc6d5a5a6a1ed6f3d086beea5e717ea5734505b884704f2eb8794b9b915c0858,Jonathon,Bell,752
154,robert10@gmail.com,pbkdf2:sha256:260000$etZ8Vzx5tpfcEJ8n$483e73bc613a41fa2dfe0facc1d9c38b5489767098af7d0ce1f7fa9c5e1202de,Frank,Manning,35
155,ywang@hotmail.com,pbkdf2:sha256:260000$AlwaBNAjGn4yLmtT$51ab9aa023bc8d6380144f7458cbeae13ed8c33c61ab7dae4687fa6f696ca6d6,Mason,Allen,271
156,jennifer49@hotmail.com,pbkdf2:sha256:260000$XjkATUaFG6d1YzNh$ccfabd601e3198c33ef3f8457fb04d5421aff5fcb2f8c200193ecbe745272aeb,Beverly,Johns,174
157,jessica21@gmail.com,pbkdf2:sha256:260000$YKE0auMaKj73h6DZ$282c8d46ff998bf36e63070b85f51a92e8935859c4669fd42d21fc5c942243cb,Dr.,Shepard,620
158,williamsnicholas@hotmail.com,pbkdf2:sha256:260000$yyJgtO6pBrKmy999$20273017891a7596c21dcc2cfcca9475496736b09d04129269549990f5b661dc,Pamela,Estrada,808
159,jdavis@hotmail.com,pbkdf2:sha256:260000$crMjxGOvJOkwslLr$047015cd5a27c5f06c9ece9f3280af9d3c90cad4bf47925d777b5f50c594c7d6,Abigail,MD,978
160,igibson@gmail.com,pbkdf2:sha256:260000$cEdDbq46MHFxXD7I$0b669548df02f4e87d9d4c4395e89080907796a4f28b6da2b21ba462511312b9,David,Smith,682
161,jessica69@yahoo.com,pbkdf2:sha256:260000$3yJz14OVhOihSIir$074574e021742ecdc0ce1975a4dfd686f97f68df25bcee2c6b5f9e08527a4773,Kevin,Jordan,297
162,randy95@hotmail.com,pbkdf2:sha256:260000$EkDYzD08wCU1KmhM$c6395e89930007e9d9ea23d01e8f85204297c1c57a7184e8aec55ea3eaab9314,Yolanda,Thompson,651
163,ryan31@yahoo.com,pbkdf2:sha256:260000$NGFhRUFtONduSXQT$1d7e12ab5ea0fcf23fd4d421a2666aa8c393fa3c693e26a40b7ca0a426cfb02e,Joanna,Bauer,223
164,aberg@hotmail.com,pbkdf2:sha256:260000$WsF6Kh5gozSEHstn$9fd4fb4b0bcaa0149ee239079f82031112315472f677f8f20e9f224cbad2212b,Richard,Harmon,812
165,edwardsrichard@yahoo.com,pbkdf2:sha256:260000$W8zTBsPP2dfZyx6I$039a8dad61d295ba53cc1b8edaaadb548b7fcefabadedd7b8ba3846609150fd2,Michael,Brown,921
166,carlsonnicholas@hotmail.com,pbkdf2:sha256:260000$3rySgsH5D82r6DwA$4f52a910f8e73d57c55b64c9fe8a5cc0b35877238c5cddaf602d4c75e6853dca,Dean,Bowen,437
167,nhanson@yahoo.com,pbkdf2:sha256:260000$k8f8mPiVwJdNlZ24$f50816cb2609768826ce194c260067d75c730c9f522141eecf018469509c72a4,Eric,Williamson,575
168,marcusmendoza@hotmail.com,pbkdf2:sha256:260000$qNtFtGV9E2yIg47M$6ef4ab4dca7afbbe08ad00a8242de03f5cfc946075f014347567f22bceb1c880,Tammy,Nelson,389
169,brenda29@gmail.com,pbkdf2:sha256:260000$icXt0E9E7KKmEo67$790d38d68de8f910f6cffe5387f412cb44c766ea95e57d49d0310b4cd33d8d74,Kimberly,Bryant,961
170,bowmanashley@gmail.com,pbkdf2:sha256:260000$YdeerKK0ENqUiiX1$28070f0d4eb625956f96012f45d174852ea5ea3c4fce868685549fd16390accc,Sarah,Garrett,163
171,derrick53@yahoo.com,pbkdf2:sha256:260000$5XMoiTOinMn35V5Q$cfa98ed5fdfdc28dd32e98a49853d1cb618ff4f9f2e08334164d2168de4941a0,Kyle,Johnson,278
172,jennifer70@gmail.com,pbkdf2:sha256:260000$vgZ8HYkeIP5D2VZc$5a2d744506ab1b089ff9af0568629b4c62e23dbccba518d16730322c5551f8f2,Amanda,Bryant,664
173,boothsandra@yahoo.com,pbkdf2:sha256:260000$bQwhBv66127xKEfF$b1cbaf31e82729a501543c0a135a77d9dd4d7fc01c936ba31289ab417f491924,Amy,Diaz,333
174,fcarey@gmail.com,pbkdf2:sha256:260000$DeUGNddCgCumFj94$6486784930732eb62fbb17b5ef0d04e7c7d5bf5fac8d0a0164bd750a13c2e8c4,James,Alexander,565
175,lisaburch@hotmail.com,pbkdf2:sha256:260000$YFYo0G5fgq5LTnIr$8f038c99fdd56eb67a1a857caabb32bd2d6a1a1fac450b310400a8442cacef18,Misty,Dean,633
176,garyfowler@gmail.com,pbkdf2:sha256:260000$ZMVlywIbLBq2FjMq$6ec9bb92f424c87e0b69c86846b71af698a7a8f7078f7b54379acb7637641d80,Daniel,Weaver,386
177,pruiz@yahoo.com,pbkdf2:sha256:260000$WQNCxEiKFJ6pjTWd$6e01dcc62706f785c3a1601db8ebd34fb87da67735fc5ec7197f2d8b9d80fd89,George,Ferrell,773
178,elizabethpage@gmail.com,pbkdf2:sha256:260000$zhmdROZ1JaB09xO8$5a962b7d0876696e22915e03c5b99c5a1696d519bcf25b6132acd5398a42917a,James,Wilson,373
179,debrakemp@hotmail.com,pbkdf2:sha256:260000$86ggwoxavg7wVcVW$934bdc69363292edc584c38484c62f43b53fe879ce0dd007bde7a424c8bcaee5,Diana,Silva,534
180,ysims@gmail.com,pbkdf2:sha256:260000$2FJn9u8PqobSdPAE$6349b4a7c479ccc3fc0896f008847d00f932e158eb6b47ae98fb4f2280045f1b,Samantha,Garcia,715
181,larsenamanda@gmail.com,pbkdf2:sha256:260000$McgbhrTNwBhLsBFk$4d02b642cbc9f1fecb2996a78579ea0d4a14251dbf6e798b5835846f958aa4e6,Brenda,Carrillo,581
182,michaelkemp@hotmail.com,pbkdf2:sha256:260000$wtENUgFhMFLDjTe2$a2cf5d122038a4e3586d03bf7349bb72060b2a34097c56e49b67f9977d16396e,Jessica,Trevino,751
183,williamsnicholas@gmail.com,pbkdf2:sha256:260000$mgirwczGmpvJlh96$003f9c2a815a2b6f118a2704c22a270dc4fec9cfea32ee671f9f337cd54c8fdf,Robin,Fletcher,350
184,jasmine05@yahoo.com,pbkdf2:sha256:260000$Kgax1xq6JYmNlvYP$e3015cfdbcee3ce4bea94c917541c294e3ed2a33fdf2f132e912515b2338bc5c,Phyllis,Yu,962
185,stephanie10@yahoo.com,pbkdf2:sha256:260000$3cB6CMdJOV1d2Vhe$efb5cc849311fcd693dc1281ba2515d27e3878b0b95b47c8eca30b2cdec2b13d,Alicia,Robinson,313
186,ptaylor@gmail.com,pbkdf2:sha256:260000$RT7stgyBLxpTVzpB$3f362bee24660b5981ea281460e7a856d49e6713d1ae46477e4275ac2f2b9f7b,Rachael,Marsh,172
187,kimberly74@gmail.com,pbkdf2:sha256:260000$YrRfoEj8MSo6dtxg$6128b6a2288802bbc447e3bf88a4098a7079074be39749507900c228f308a4c5,Jason,Schwartz,132
188,bradmurphy@hotmail.com,pbkdf2:sha256:260000$JfDotXft7JrLMOak$29b951cf92678a542b789764f688944576ee7d83ac4bb80fa79e5720cbec16ee,Robert,Knight,468
189,ericmontgomery@hotmail.com,pbkdf2:sha256:260000$fi6gdHj4qFm3C80O$a11fb75499e83fac9cf30ed7003da8cdec654938744d89e9c06f4f7aa9b19452,Jennifer,Patton,387
190,danielpowers@gmail.com,pbkdf2:sha256:260000$NkJtKfhDZO6crxYN$912eea129a2028f8c4623922a4e4f9050f46fa4009c723882b5de55038dcf8df,David,Combs,810
191,julie89@hotmail.com,pbkdf2:sha256:260000$8pUBNn3mNNbcRvFL$d51b000321254f9c6faea6f84b0aa6364de3666dd10860a7b12d933b3eb7303c,Sabrina,Lawrence,352
192,lori98@yahoo.com,pbkdf2:sha256:260000$GizKNJl5Gk0xkslY$16b01d96f066543495279d899347c8ad28113a8c09a388c2051bde5125832897,Nicholas,Thomas,479
193,bradleyward@hotmail.com,pbkdf2:sha256:260000$fGSE0j0Nw4jCejYv$635ae36efb64e070f283db8d855ae3c78ed753b36f1e58bc4e0e6cf0faf46999,Ruben,Burke,51
194,garciakevin@gmail.com,pbkdf2:sha256:260000$WdUX7xpd3YLmhlwr$3468b4a1530d835f50f8a84b363a77791a3c1ab50a1fe0e8b8982b74306f6ca0,Jeffrey,Peterson,357
195,ryan22@gmail.com,pbkdf2:sha256:260000$zyZG26bvrVDbkGrX$a71acc8a0bd4a4927fb87220c16f4c38c4c6d3131397453291026740fcf64a74,Alan,Oconnor,609
196,owright@hotmail.com,pbkdf2:sha256:260000$VoJvQyzo1dqpLXHY$23144c66a82da276965f44b363b06db55fac98cc72ca60f544800eb1f70f2f04,Joshua,Sanchez,490
197,michaelanderson@yahoo.com,pbkdf2:sha256:260000$5Uz9iVsB9iLpilwe$35542b3d151e6bed42c7901963fbf28a0034a9138db2bd92190374cc7f748cb5,Kevin,Howell,518
198,petersennichole@hotmail.com,pbkdf2:sha256:260000$dkPdDnQOv1iS1vpO$b8ba35dc30993eb49367018c278f95d9356245d6ee70b4f5fdf44ea3a8818041,Anna,Pruitt,680
199,margaret14@yahoo.com,pbkdf2:sha256:260000$5sT6axPpL4R3vjUr$0809875951c4771bb48182b2373ea9775541b7c5aaba183020fda73980b399f3,James,Erickson,23
200,nperez@hotmail.com,pbkdf2:sha256:260000$3kS6pCQSwcMMP3Dy$3fc743887443036eb3fa7d80efd918826f51fa35cf808a73937109451a433b39,Lisa,Wu,54
201,huffjordan@hotmail.com,pbkdf2:sha256:260000$sXph6wtIdcKtOgGV$20b33ac81cf9a9099361d3aab9b44458d865e12ad29894c29d08e0bf9b829b24,Ashlee,Garcia,36
202,tracycampbell@gmail.com,pbkdf2:sha256:260000$jug42YAQfxwmIbam$c8156ce085adf39bfef1453a3b677dd0b78abcece984d5476a7e78579778c2ca,Johnny,Mason,220
203,cindytate@gmail.com,pbkdf2:sha256:260000$GRPgGTPgSj0qRFLL$4b08699375da232c2ab8dcd433029b90b8a5cf9c021d42db4622611d03c5c00a,Amy,Brown,104
204,garciacynthia@yahoo.com,pbkdf2:sha256:260000$mxFqMBp2vXrPgXFc$00fef01e47f0b42a08538ba391d7568b558a52c9c942fdc0ac655760cf33dd30,Angela,Bennett,12
205,danielshannon@gmail.com,pbkdf2:sha256:260000$MqBsypeWWd572hNq$0c6c810557fce0213a140ea3a4e2d41e547e0fc26c3118cec7dbb392f813231d,Dawn,Rodriguez,964
206,jeffreycopeland@yahoo.com,pbkdf2:sha256:260000$gYMj1aqbBPg9Pcb4$82c264b5ffd3b2a1e450119d26798d27e47777e71c37747c559151d18829ac36,Beth,Wagner,198
207,whitewendy@hotmail.com,pbkdf2:sha256:260000$Kw1pByvUX6y3X7wF$d06cebc7bff6d12b76a798452e987c6a673776298a957d060b0ff70276468478,William,Davis,29
208,jaclynwood@yahoo.com,pbkdf2:sha256:260000$3gX1ubhYpQiskPB4$d2330161da432ea8cefba2ac2fa3495681d6770ecbd49787fe7e73ade9048763,Kathleen,Ball,237
209,pvillegas@yahoo.com,pbkdf2:sha256:260000$jxE7acIeJDOJdnCS$7d3b4b5fc9703bf0c6a104434d783b79ed0c3cc6d15af49dc68065be33d24ef2,Alexander,Castro,175
210,graykristina@gmail.com,pbkdf2:sha256:260000$09u50VxtoNxFIhzQ$770810e82f3ac420d6aeed63ddb6332a386c2a9da4ac0fc33c9b763826aa8cfd,Paul,Patton,268
211,william00@gmail.com,pbkdf2:sha256:260000$XczXfN9oroKUqvCh$c08fef63256bcdc9fc5d1935143bf47ae6271fc282a687afea94a5c9d451e490,Gregory,Williams,153
212,youngdaniel@hotmail.com,pbkdf2:sha256:260000$dKBNBQhEszDoI5lz$56acc6b9f60f0c71260863e91df6fe1deb87223c265c404a56033c104ad6ac64,Rachael,Fitzgerald,655
213,floressheryl@yahoo.com,pbkdf2:sha256:260000$9TaBRhPNywQSJp0P$dff3c3d3b1abada77463a62f57fadbd59f001d31fdf18da78090db89a7ea35b3,Anna,Carr,130
214,maynardthomas@gmail.com,pbkdf2:sha256:260000$KmdWfjRvsC3rVywb$8d409cac8679d7baa63e7f1d92bff5ce9669ec3d76138561e30cf4fe8365c12f,Christopher,Carter,279
215,jenniferhobbs@gmail.com,pbkdf2:sha256:260000$2ytoj2LqIVTJqzkX$87aa60a33a8f97cef17a0329cc9281a486281abcdb9a56b45302293cccea8548,Amanda,Baker,544
216,torreskimberly@hotmail.com,pbkdf2:sha256:260000$xy6BUeH0Vb0tYDZa$ea9fc1ef30fdc683d2faad0c4878aaf631da2be318104400a3746b54e7958de0,Joseph,Richards,337
217,lconway@hotmail.com,pbkdf2:sha256:260000$m5pub3zlS2GBeadv$917b80f91be6a662f568334a252455d6930e933e25bd8a08ef52b40c24f3755e,Bobby,Smith,658
218,alexisrogers@gmail.com,pbkdf2:sha256:260000$ReB2ob2a7ko0MQNe$b5de702d86f581346bfc7406898fe18caa229c5a04558458760c7265430292ba,Shannon,Carlson,514
219,tiffanyrodriguez@hotmail.com,pbkdf2:sha256:260000$9vZfVKb0iAO0y6Qw$78df8f4fa0510a4ad75fc62e80600b448fc0175a05bab225e9e3d8ee49203c6c,Steve,Schmidt,454
220,ecarson@hotmail.com,pbkdf2:sha256:260000$13qTG6Q7JV5lZlT0$f3eab7b468b15a382f7fdb450c7bff4b8b595d6f0c6184d2e9fb6b83658a28a1,Nicholas,Nguyen,299
221,tonyakeller@gmail.com,pbkdf2:sha256:260000$Pz2jSptoVOp0ogvm$0ee6b733e0e8f725593000cf430a9ebd741583fdfdc2637022f20b5dec5de947,Patrick,Fuentes,870
222,yruiz@yahoo.com,pbkdf2:sha256:260000$TQh4EPSuxhIAwCVl$408df63f7a24e23b511f53e499a56c93b3b8c7294023f31fd960e0945c02dccc,Sheri,Stewart,697
223,emurphy@yahoo.com,pbkdf2:sha256:260000$HQZqGCPDdMUyWgzT$5ec7ff41ac4f241595adc7d4fdb49024d2c2a74bf2f87b068048f853ff9ddc4f,Gabrielle,Mckee,179
224,christinebennett@hotmail.com,pbkdf2:sha256:260000$yVZhfwBo13uWAhKA$b5537f67b686546cfdb3da6f8923dd272e1545384d03666d3e2e72b24b617fbb,Thomas,Bell,594
225,zmayo@hotmail.com,pbkdf2:sha256:260000$odGSiB0y2GFoI5GX$860595a7a9f107de435cb907e5d45a4437b5d665942662001ab8ee35854b7521,Joshua,Anderson,849
226,melissawilliams@hotmail.com,pbkdf2:sha256:260000$KmbOYmWD9hJCzfu6$ed4f1c54d2407a43a060d7e7ea6eb92553c66d5c5b948ffd20a8cceb20cd568c,Leslie,Gray,13
227,jamieglover@gmail.com,pbkdf2:sha256:260000$ddZmSgLr8bKtJcHL$9dc5cb5de229ca8d1989887cd4f1d8d3aade42df6ca53f93895f9b50ea8f1c74,Patricia,Young,132
228,jennifergonzalez@hotmail.com,pbkdf2:sha256:260000$AR7NTcVpmNYtW14d$c25aede51f1f4781f56ab28e375bff4b3f0fef9e812cd4bf95e3213d2c631fc7,Kathleen,Fowler,573
229,meadowsjeffrey@yahoo.com,pbkdf2:sha256:260000$4Z5iLPOMUCSY4kFO$c30536f4ecef97390f0e38a3daeb13c115319dc88c3395cc2f3f861eaaeac041,Seth,Moreno,320
230,brownjoseph@gmail.com,pbkdf2:sha256:260000$GzzS6jKqzANc5N3O$ae83f9492db06be328f4a6fa30528907e37b5a7468399658dd85bf5c8a2f5a37,Timothy,Mason,456
231,bwade@yahoo.com,pbkdf2:sha256:260000$yMKtsR0z45RfR49x$038c5a229ded48f1126891507520216deeb143891f180f9cf81aef170269b3e8,Matthew,Trujillo,789
232,myerskevin@yahoo.com,pbkdf2:sha256:260000$Dk9wWo27BwWRfXG7$b7a5328ef56f68201c10c21fee77a182c0325c201cf4f649735fdf0ea914ff62,Robert,Nguyen,538
233,loririvera@hotmail.com,pbkdf2:sha256:260000$o1ert2BTYsqe8oW7$358c25b135e4e87630d7608868fc7572d72cb9f9e1e79cde3145056c337acec7,Shelly,Boyle,247
234,tinajohnson@gmail.com,pbkdf2:sha256:260000$Vg3tElqeyYw9bjP1$33c24cb3102dea496b5dc313b00e22bc1269bf51c8ec5fbce1ad9392e2604da7,Harry,Mitchell,393
235,danderson@gmail.com,pbkdf2:sha256:260000$OJq88bAyFqVRnyS4$6ed96d4c4677c63cb421d4fb2cac516e4d3f23ea2e0dfcc01388dbb723114df9,Stephanie,Chavez,834
236,joshua72@yahoo.com,pbkdf2:sha256:260000$xCnT0xAFNlqDD6SB$2afe2c43c76911f9b0e76803cc87befc27dc6797aa473808465265e9099ebb98,Donald,Cuevas,403
237,evansricardo@yahoo.com,pbkdf2:sha256:260000$dV8Ka6YhbEC09OUy$648720fc02a32beeb7608c9e881a1203263cf14077874baa9d4b8d5171b83b05,April,Gonzalez,81
238,iparker@hotmail.com,pbkdf2:sha256:260000$2gpSqviBvtc5kaul$571549f023e77356d230bad8b56ec13968944c07fcd39f9e11534c6753d5a978,Jason,Taylor,912
239,logan10@hotmail.com,pbkdf2:sha256:260000$65HHogT0NcBCxP2O$b2ffb9430df203a8ada2f214e0cd11acc03422e9bc7cbbc92961b2b9715035f1,Joseph,Schultz,981
240,jacqueline10@gmail.com,pbkdf2:sha256:260000$u6DuqfzYal5PCARb$4c4db585008ed59018e4923215cc37a31eacd080b1ce1159cd6d02a53f517e4b,Kimberly,Nichols,79
241,lindsayjordan@gmail.com,pbkdf2:sha256:260000$IdmxFV4OqFdtfYwu$2aeeb97cdc102252f7b339adceef358017adb973a05aeb09749a06e6473cdae4,Daniel,Rogers,245
242,timothycox@gmail.com,pbkdf2:sha256:260000$AXEEEQE1glGXVpZA$b42115ad4d94ce560212ed564d25fa2a548e822774d576dc988113a7917daf1c,Jessica,Brown,246
243,dunnderek@yahoo.com,pbkdf2:sha256:260000$6EFy7xNVL9pA9Gxp$6f8726bc8cd22343e383f570ad50ca1b4dcf4532fc8e281ee6a9ba33e40da0c2,Sara,Collins,37
244,walkerclarence@hotmail.com,pbkdf2:sha256:260000$qNJMsZrRJTtO9XNk$bb841bedf5b90ff6b2fbba1f774f530cf121abbd08f88105312320f267c42326,Timothy,Rhodes,106
245,grobinson@hotmail.com,pbkdf2:sha256:260000$JBe67sTpFwV4fPLs$af873700b779b5557bc57fb5c813ada0486a33f7628f853bf1d5b65ffafc2552,Kristina,Adams,821
246,diana75@gmail.com,pbkdf2:sha256:260000$2Y7z5JpVYfU1efjy$b9b84897edf03c19185b93c726e76cf2fe9cf27f1a7f705f085640679fb7e39f,Joshua,Brown,597
247,gregory24@yahoo.com,pbkdf2:sha256:260000$gc6jW7vEwRS2PsjD$2e4d2d9f3efd6ca4228579a3ad784cec92e6088139ea6f980697a8577bfeb652,Christine,Andrews,103
248,welchmicheal@yahoo.com,pbkdf2:sha256:260000$fu4M93CHkOA4pe8P$0a022b004c28b4829b48c525d7ad52e37021be0a31be4f2bd460bcd00180245b,Rebecca,Johnson,411
249,chapmanchristine@gmail.com,pbkdf2:sha256:260000$o3HmaW1ZEvGRJu70$d5d8cb5513553bf5679cae5224753bf9a01a94c3770bd56be622eca3e5a8ce51,Judy,Bennett,2
250,elizabethmorgan@hotmail.com,pbkdf2:sha256:260000$xgg4ZKkYDjliZ04S$627a665110f5163e9e600c290b5587c07a57ad94252976f0ec1943de26bd897e,Kristina,Lawson,123
251,jonathanchan@hotmail.com,pbkdf2:sha256:260000$Lb0an8KiJwPPzLnj$ad31deb77491bc537cbae4c114da162d95310ef87ebb41f503c311bea957fa71,Courtney,Wade,816
252,whill@yahoo.com,pbkdf2:sha256:260000$OY6KrdxoxbcwZRRl$3350a62b3f81f55e40fef4c8d84fae1f4fc4532cb3777bc47d5390d47bfd6583,Garrett,Johnston,215
253,lloydjason@gmail.com,pbkdf2:sha256:260000$pHA93cm9c9hvd5Dg$b968bf2c84ffc19237aa2d2aeb7ac9d11023a08accd5c777fd6c7cb584bd2c47,Brenda,Andrews,102
254,kathy58@hotmail.com,pbkdf2:sha256:260000$bSCeDqUgO3Ad4DUm$793980cbd62e43b4a7b208b32fa8ed43b691be02617978e943ada4ce94591553,Jenna,Reynolds,960
255,ginaproctor@hotmail.com,pbkdf2:sha256:260000$c4tdOg5eKfU7aYM6$52c10ddb4e2accf010c72ec26f5c1bd52166756670a48a581a0eee9087ece21f,Bruce,Mckenzie,887
256,weissjeffery@hotmail.com,pbkdf2:sha256:260000$8Au300USaebv3OJJ$a31540cb9e2498b2013a7ddcb3e36577b2168924628938d6d198bec93f66be7a,Felicia,Martin,872
257,davidsonjohnny@gmail.com,pbkdf2:sha256:260000$aAS7gWat08wslmYl$9fc4c033a3660d93f1064b1ffa8646e0315c8026ace18fd10d66a0cc52cdbac7,Tracy,Alvarez,33
258,jesus82@gmail.com,pbkdf2:sha256:260000$VMYnGE92zz2VjX0u$480407bc7c5dc2bce565bcf31d2f2331d6f233602bdccea4e3ff0eed27519794,Amy,Jacobs,755
259,eddiehardy@yahoo.com,pbkdf2:sha256:260000$sBWV6pCuUhNCnBeV$d2f426fe1fc022f309c38a7fa297875e452e3f52511707e75ed19516c2bf5763,Daniel,Cox,901
260,ryancrawford@hotmail.com,pbkdf2:sha256:260000$ihgojkag5hGsQE4F$310e153700a01ef0dfa7d3ab1b0e390fa0bfa7d5821e87b0e4444f3a8eac2a1a,Patrick,Jackson,909
261,qbryan@hotmail.com,pbkdf2:sha256:260000$fPzafLKGGh3GT9my$7eea61bb1d5b550ced9d9f3a4a1f80acc13de17422ac3fe13dafff2a8ef5bd3f,Cameron,Ross,241
262,gquinn@hotmail.com,pbkdf2:sha256:260000$QlQz7leINRVJ5cFk$3db34e647d84984f69950bf0201356127ee0e06e904c6089a089d71a50a20235,Matthew,Ray,881
263,hmcneil@hotmail.com,pbkdf2:sha256:260000$te4GaobC6Z4eg2v2$0569cf4140933224a610d9b494d58fb038b889bbc97fa8f9fa6b4bb77f9cc9fc,Connor,Smith,423
264,laurie23@gmail.com,pbkdf2:sha256:260000$5tSER7X62gsW42JD$e17b7ad0b9676d4609f3c95232f9fe62b8c41baf731d0aace16e883e0a118bed,Douglas,Navarro,449
265,rachelcooper@gmail.com,pbkdf2:sha256:260000$xKP1pfjGc4S96h95$446c9f4ffe10c42da39c4db7977ba63e7491c97f6c0d391ff4251c11b5b0292f,Rick,Herring,925
266,dmcdaniel@hotmail.com,pbkdf2:sha256:260000$DSUq2TePpKI9yjD1$d0df222f56d8334a9b10840b4cef6578f729234fb1d400c6b60c3ef0ef076e1b,Anthony,Padilla,193
267,jasonbennett@gmail.com,pbkdf2:sha256:260000$IpRLIpAvTyzEhI2P$0b9dc26ab2cc4db82f67bc632c39a9361ea60dbb770d516107d5f45894e02e6a,Linda,Jacobs,582
268,josephstewart@hotmail.com,pbkdf2:sha256:260000$9NCo2oh9SiFXPg2g$f8d221b15cfb4fe3e625502de984d90ae9c149695f63f63c059d4a54bc1c6796,Leah,Cantu,812
269,amandaclark@gmail.com,pbkdf2:sha256:260000$zYi4nkCUS7ope5dr$b70ef77b0aa80b5564b0e59e84259e58ac45da1b3c5955ec0a3c2ab05ee95300,Nathaniel,Lopez,816
270,joshua83@yahoo.com,pbkdf2:sha256:260000$fr8SzPfNJ0xghgkf$bfcdbb88b6e551abe65cc43d2f3b7f67d1018510588106c9cca76fc297181e00,Brandi,Ortiz,718
271,rreed@hotmail.com,pbkdf2:sha256:260000$LuNNoFLzXqC9mtRY$ea280d3d79bdd59a0e283e70858522d2dd57a228b4eb2ffe205efb5e2ae8a83b,Anthony,Brown,656
272,burnettdarrell@yahoo.com,pbkdf2:sha256:260000$1HvmQVBl0QQwizJk$abcf6c0df4bbbddaff599d732ad785d7d9a7b8b07523f6e83796dbbf57775daf,Patricia,Sanford,217
273,mrivas@hotmail.com,pbkdf2:sha256:260000$yKmkqySTonRSz4fD$728faf88b98721d5689bc3e7d7bd787d4cb610e08093af55b2b05daa3293efa6,Mark,Mercer,601
274,sean74@hotmail.com,pbkdf2:sha256:260000$BjkG89bEH5MkETMN$b139809813a387e0d9e2776703ea0ea77d6cc89df48af9153f2a51f2ca65e0d3,Beth,Roberts,224
275,patriciaweiss@yahoo.com,pbkdf2:sha256:260000$nU2eQLrEkbyT6m4P$398018d15091793a8d670593770920d42e04d8b5a9a9106776e14a41f4f6fe2d,Leah,Flowers,944
276,yoderjohn@gmail.com,pbkdf2:sha256:260000$09Db60JnLyR21Uc7$f7ccc7c858a7abb55c8f9d79fd6807c908b402317c5acb19d23cea0c7e3a2a86,Kimberly,Parker,45
277,toddnelson@hotmail.com,pbkdf2:sha256:260000$bSztRdBbleCn6MEv$57f354e009d44919acc04d008cad6a649e8e6ee21b7667eafcf430e0e684423b,Vanessa,Horton,648
278,kerrynelson@yahoo.com,pbkdf2:sha256:260000$cOGVrBZ0VjkQQaJg$f32e253657c73bed933411acb4c41fd3aad17c8be74ff434a2bf2297a21f1b44,Jeffrey,Santiago,168
279,larrynguyen@hotmail.com,pbkdf2:sha256:260000$13mfZb5CRdD17x4e$bea9a3886cdcce5611b3a17162925e31aa3541dfb177bfde40704e5207184df6,Mr.,Jr.,466
280,sarah25@hotmail.com,pbkdf2:sha256:260000$XT9CpFVQD1JlPfl5$008cac8bc93e089f4e6f31a59eb7fc713c5273374eeda7768ccdfd4a3b023379,Natasha,Allen,150
281,robertscott@yahoo.com,pbkdf2:sha256:260000$QYn60TFFyoIbZuaK$1fbb47c8dfeab38e6a5c4ee512f1284143e5acf3aef247fe223b2c9e7e9d8f86,Mrs.,Parker,446
282,stephanie27@gmail.com,pbkdf2:sha256:260000$2F07GZEHjOJOTfm2$23ed45772a92b2fc2007ce88f6c5cf20a6068c00e88fa583125198e9b0bf5795,Steven,Diaz,707
283,bryancummings@hotmail.com,pbkdf2:sha256:260000$wKMBTjHn54Vny8ef$c11cd7fa09fcb79df950b1b66c2f63e81d951bd196f0b0da9b626c6180581bbb,Sherri,Thomas,332
284,stoutkyle@yahoo.com,pbkdf2:sha256:260000$WeEihXGvRjjEZqP2$9a8dd29e22f2b0c9b8ab6dc0e5c1d0d83dbed8b5017568b696f696d5538d2941,Samuel,Becker,335
285,smithcraig@yahoo.com,pbkdf2:sha256:260000$HEVAVLjiA9VzR2dd$f8588e9292e8ce83f4ff5d5bebf6e0e327d3db4f7adcdd21b76ce18577aa9d2d,Adriana,Anderson,684
286,vprice@gmail.com,pbkdf2:sha256:260000$qSPDjgdCS77f8Sjx$2f269d7862f50d01681f961e36e3b0330e9cd9915360a39432ddbaebc8f4cf42,Ashley,Estrada,646
287,edwardsdonald@yahoo.com,pbkdf2:sha256:260000$e0Sqt5tB6p89mkMr$e2829e935e1b39c319b28fda245f023b2d0ec054ce81e3dd764c80b269faf62f,Christopher,Goodwin,921
288,davidpeters@gmail.com,pbkdf2:sha256:260000$UKyer2WH6ckRdkbd$cacfa53709eec74eadb89f1aeb482cab7e5a4fc0b749903f471c41fefa178449,Nancy,Chavez,903
289,marieolson@gmail.com,pbkdf2:sha256:260000$5fKnIMZlHDq0mkj4$4d0b2b4f1b1114dcdfdfb20ecde311947b122a76b02a4d9707be07adc497f08f,Gary,Erickson,37
290,michaellee@hotmail.com,pbkdf2:sha256:260000$T4yvZA4NCshbpyjb$991fea4b3b5b1294388119ae0cc34e088136d54eb4ba26956067ffac8c8ce65a,Cynthia,Mathis,389
291,williampetersen@gmail.com,pbkdf2:sha256:260000$nTDpPexBiwVc2h9e$f275f1b72de8661f91c899bd071cef03ff5b5956d2e40a5203cbdd802f6d3c0a,Todd,Curtis,813
292,valerie82@hotmail.com,pbkdf2:sha256:260000$0bupTcoTWF5xuQAQ$e4ebe0834b7409a7f5e912c41f87313909c8fec135d8e25e02ba099557f5b31d,Matthew,Walker,105
293,sloanmarc@yahoo.com,pbkdf2:sha256:260000$tNTKo4AKAHvwrW3v$73c925d20e5f456cdd94c315cf9263fbbbd38e048cbbae2ad087f05a570fc66b,Mark,Harris,964
294,sbishop@yahoo.com,pbkdf2:sha256:260000$a05vLtMBk6pYgweF$3b21d3cc59bc2d772374ed74bb7ca61fd4507c4e5e2b1dd74801c9319fb5e946,Susan,Williams,361
295,kathrynraymond@yahoo.com,pbkdf2:sha256:260000$L7hgjK64C2uP7gBQ$f5505ca43cca535735872f60883a9f624fcfbceb6bcdb4fb9f624131f3491886,Kelly,Pierce,863
296,michael91@gmail.com,pbkdf2:sha256:260000$Y1rks006C47NkeLO$eb6bda3e13f0b7505be8dbcc013859dc875e5a37f25828f680ed763594aad0ea,Janice,Meza,987
297,ivaughn@hotmail.com,pbkdf2:sha256:260000$R8tgCPcdswImqCpI$b311dc1c1029ba93f013bf6cf3e5b272814fdbad585fe370631f494730c947e6,Joseph,Villarreal,319
298,paul69@yahoo.com,pbkdf2:sha256:260000$l85ZsVNzAsS8Abqg$ea228985fc6e2622739e1b476c2a46e711b79d3726eae2ba2daee0db050a6e1d,Stephen,Hammond,816
299,ochapman@yahoo.com,pbkdf2:sha256:260000$uaiMVSWrronvwmGL$96ed8cc567778e50f95100d758f5fdaac52a599dcc7d26d0de8b84019040f8fe,Michael,Hardy,708
